Workbook

Sheet Methodology Overview
A1: THE WUR — Research Quality (30%) → Research Excellence (5%)
A2: Proportion of Publications in Global Top 1% Most-Cited | PEAK Quality Metric | 5% of WUR
A4: # | B4: Component | C4: Description & Methodology | D4: Weight
A5: 1 | B5: Research Excellence | C5: Measures PEAK quality: the proportion of an institution's Scopus publications that fall in the top 1% most-cited globally, field-normalized by ASJC area, publication year, and document type. While Research Strength (5%) captures the top 10%, Research Excellence captures the very BEST — papers that are true outliers in their field. These are the breakthroughs, landmark studies, and paradigm-shifting publications. | D5: 5% of WUR
A6: 2 | B6: Top 1% Publications | C6: Publications whose actual citation count exceeds the 99th-percentile threshold for their specific ASJC field, year, and document type cohort. Extremely selective: only 1 in 100 papers globally reaches this level. Includes Highly Cited Papers (HCPs) as defined by Clarivate and Scopus equivalent measures. | D6: Core metric
A7: 3 | B7: Normalization | C7: Proportion: (Top 1% papers ÷ Total Scopus papers) × 100. World average = 1.0% by definition. Institutions with >1% are producing disproportionately more breakthrough research. Top research universities typically achieve 2–5%; elite institutions 5–10%+. | D7: Proportional
A8: 4 | B8: Relationship to Other RQ Indicators | C8: Research Quality (30%) = Citation Impact/FWCI (15%) + Research Strength/Top 10% (5%) + Research Excellence/Top 1% (5%) + Research Influence (5%). Excellence captures the EXTREME tail of quality — can be driven by a few exceptional papers or groups. Complements the broader Strength metric. | D8: 5% of 30%
A9: 5 | B9: Scoring & Difficulty | C9: Z-scored across all ranked universities. Higher proportion = higher score. Very difficult to move quickly — top-1% papers typically emerge 3–5 years after publication as citations accumulate. Difficulty: 🔴 Hard (3–5 years) — requires world-class researchers and sustained investment in breakthrough research. | D9: Z-scoring
A11: Research Strength (Top 10%) vs Research Excellence (Top 1%)
A12: Feature | B12: Research Strength (5%) | C12: Research Excellence (5%) | D12: Key Difference
A13: Threshold | B13: Top 10% most-cited (global, field-normalized) | C13: Top 1% most-cited (global, field-normalized) | D13: 10× more selective
A14: World Benchmark | B14: 10.0% (by definition) | C14: 1.0% (by definition) | D14: 1% = extremely rare, elite output
A15: Typical Top-100 Univ. | B15: 12–20% | C15: 1.5–5% | D15: Excellence is much harder to achieve
A16: What it Signals | B16: Consistent quality across portfolio | C16: Breakthrough, paradigm-shifting research | D16: Strength = breadth; Excellence = peak
A17: Driven By | B17: Broad faculty publishing well | C17: A few exceptional researchers / groups | D17: Can be improved by recruiting stars
A18: Difficulty | B18: 🟡 Moderate (1–3 years) | C18: 🔴 Hard (3–5 years) | D18: Top 1% papers take years to accumulate citations
A20: Improvement Strategies
A21: • Recruit Highly Cited Researchers (HCRs) who produce top-1% papers consistently.
A22: • Invest in breakthrough research areas: emerging fields with high citation potential.
A23: • Build Centres of Excellence around world-class faculty with top-1% track records.
A24: • Provide dedicated 'breakthrough research' funding: sabbaticals, lab access, international visits.
A25: • Target Nature/Science/Cell/Lancet/PNAS-level publications (multi-domain, high-visibility journals).
A26: • Collaborate with top-tier international institutions on landmark multi-centre studies.
A27: • Encourage long-term, high-risk/high-reward research projects (not just incremental papers).
A28: • Difficulty: 🔴 Hard (3–5 years). Top-1% papers are rare; requires sustained world-class research capability.

Sheet 1. Top 1% Summary
A1: Research Excellence — Top 1% Most-Cited Publications (Field-Normalized)
A2: Count of Scopus pubs in global top 1% by citations for their field-year-doctype | 5-year window
A3: S.No. | B3: University Name | C3: Country | D3: Total Scopus Pubs (5yr) | E3: Top 1% Pubs (Field-Normalized) | F3: % in Top 1% | G3: Top 1% Pubs (Fractional) | H3: Highly Cited Researchers (HCR Count) | I3: Top 1% per 100 Staff FTE | J3: Analysis Period
A4: 1 | F4: =IF(D4>0,E4/D4*100,0) -> 0
A5: 2 | F5: =IF(D5>0,E5/D5*100,0) -> 0
A6: 3 | F6: =IF(D6>0,E6/D6*100,0) -> 0
A7: 4 | F7: =IF(D7>0,E7/D7*100,0) -> 0
A8: 5 | F8: =IF(D8>0,E8/D8*100,0) -> 0
A9: 6 | F9: =IF(D9>0,E9/D9*100,0) -> 0
A10: 7 | F10: =IF(D10>0,E10/D10*100,0) -> 0
A11: 8 | F11: =IF(D11>0,E11/D11*100,0) -> 0
A12: 9 | F12: =IF(D12>0,E12/D12*100,0) -> 0
A13: 10 | F13: =IF(D13>0,E13/D13*100,0) -> 0
A14: 11 | F14: =IF(D14>0,E14/D14*100,0) -> 0
A15: 12 | F15: =IF(D15>0,E15/D15*100,0) -> 0
... A33: 30 | F33: =IF(D33>0,E33/D33*100,0) -> 0
A35: Summary Statistics
A36: Average % in Top 1% | F36: =IF(COUNTA(F4:F33)>0,AVERAGE(F4:F33),0) -> 0
A37: Highest % in Top 1% | F37: =MAX(F4:F33) -> 0
A38: Lowest % in Top 1% | F38: =MIN(F4:F33) -> 0
A39: Total Top 1% Papers (All Univ.) | F39: =SUM(E4:E33) -> 0
A40: World Benchmark | F40: 1.0% (by definition)

Sheet 2. Top 1% by Subject
A1: Top 1% Publications by ASJC Subject Area (% in Top 1% per Field)
A2: Field-specific peak quality | World benchmark = 1.0% per field
A4: University ↓ / Subject → | B4: Country | C4: AGRI | D4: AH | E4: BIOC | F4: BUS | G4: CHEM | H4: CS | I4: EART | J4: ECON | K4: ENGI | L4: ENVI | M4: MATE | N4: MATH | O4: MEDI | P4: PHYS | Q4: SOCI | R4: Overall %
R5: =IF(COUNTA(C5:Q5)>0,AVERAGE(C5:Q5),0) -> 0
R6: =IF(COUNTA(C6:Q6)>0,AVERAGE(C6:Q6),0) -> 0
R7: =IF(COUNTA(C7:Q7)>0,AVERAGE(C7:Q7),0) -> 0
R8: =IF(COUNTA(C8:Q8)>0,AVERAGE(C8:Q8),0) -> 0
R9: =IF(COUNTA(C9:Q9)>0,AVERAGE(C9:Q9),0) -> 0
R10: =IF(COUNTA(C10:Q10)>0,AVERAGE(C10:Q10),0) -> 0
R11: =IF(COUNTA(C11:Q11)>0,AVERAGE(C11:Q11),0) -> 0
R12: =IF(COUNTA(C12:Q12)>0,AVERAGE(C12:Q12),0) -> 0
R13: =IF(COUNTA(C13:Q13)>0,AVERAGE(C13:Q13),0) -> 0
R14: =IF(COUNTA(C14:Q14)>0,AVERAGE(C14:Q14),0) -> 0
R15: =IF(COUNTA(C15:Q15)>0,AVERAGE(C15:Q15),0) -> 0
R16: =IF(COUNTA(C16:Q16)>0,AVERAGE(C16:Q16),0) -> 0
... R34: =IF(COUNTA(C34:Q34)>0,AVERAGE(C34:Q34),0) -> 0

Sheet 3. Highly Cited Researchers
A1: Highly Cited Researchers (HCR) — Faculty Driving Top 1% Output
A2: HCRs = researchers with multiple top-1% papers | Key drivers of Research Excellence | Per-faculty log
A3: S.No. | B3: Researcher Name / ID | C3: Department | D3: Primary ASJC Field | E3: Total Scopus Pubs (5yr) | F3: Top 1% Papers | G3: h-index | H3: HCR Listed (Clarivate/Scopus Y/N) | I3: University Name
A4: 1
A5: 2
A6: 3
A7: 4
A8: 5
A9: 6
A10: 7
A11: 8
A12: 9
A13: 10
A14: 11
A15: 12
... A53: 50
A55: University-Level HCR Summary
A56: S.No. | B56: University Name | C56: Country | D56: Total Academic Staff FTE | E56: Highly Cited Researchers (Count) | F56: HCRs per 100 Staff FTE | G56: Total Top 1% Papers by HCRs | H56: % of Top 1% from HCRs | I56: Reporting Year
A57: 1 | F57: =IF(D57>0,E57/D57*100,0) -> 0 | H57: =IF(G57>0,G57/G57*100,0) -> 0
A58: 2 | F58: =IF(D58>0,E58/D58*100,0) -> 0 | H58: =IF(G58>0,G58/G58*100,0) -> 0
A59: 3 | F59: =IF(D59>0,E59/D59*100,0) -> 0 | H59: =IF(G59>0,G59/G59*100,0) -> 0
A60: 4 | F60: =IF(D60>0,E60/D60*100,0) -> 0 | H60: =IF(G60>0,G60/G60*100,0) -> 0
A61: 5 | F61: =IF(D61>0,E61/D61*100,0) -> 0 | H61: =IF(G61>0,G61/G61*100,0) -> 0
A62: 6 | F62: =IF(D62>0,E62/D62*100,0) -> 0 | H62: =IF(G62>0,G62/G62*100,0) -> 0
A63: 7 | F63: =IF(D63>0,E63/D63*100,0) -> 0 | H63: =IF(G63>0,G63/G63*100,0) -> 0
A64: 8 | F64: =IF(D64>0,E64/D64*100,0) -> 0 | H64: =IF(G64>0,G64/G64*100,0) -> 0
A65: 9 | F65: =IF(D65>0,E65/D65*100,0) -> 0 | H65: =IF(G65>0,G65/G65*100,0) -> 0
A66: 10 | F66: =IF(D66>0,E66/D66*100,0) -> 0 | H66: =IF(G66>0,G66/G66*100,0) -> 0
A67: 11 | F67: =IF(D67>0,E67/D67*100,0) -> 0 | H67: =IF(G67>0,G67/G67*100,0) -> 0
A68: 12 | F68: =IF(D68>0,E68/D68*100,0) -> 0 | H68: =IF(G68>0,G68/G68*100,0) -> 0
... A76: 20 | F76: =IF(D76>0,E76/D76*100,0) -> 0 | H76: =IF(G76>0,G76/G76*100,0) -> 0

Sheet 4. Landmark Papers
A1: Landmark / Breakthrough Papers — Individual Top 1% Paper Log
A2: Document each top-1% paper with citation details, field, impact description | For institutional portfolio
A3: S.No. | B3: Paper Title | C3: Lead Author(s) | D3: Journal | E3: Year | F3: Citations Received | G3: FWCI (Paper-Level) | H3: ASJC Fields | I3: Impact / Significance Description | J3: University
A4: 1
A5: 2
A6: 3
A7: 4
A8: 5
A9: 6
A10: 7
A11: 8
A12: 9
A13: 10
A14: 11
A15: 12
... A53: 50

Sheet 5. Dept Excellence
A1: Department-Level Research Excellence (Top 1% Proportion)
A2: Which departments produce breakthrough research | World benchmark = 1.0%
A3: S.No. | B3: Department / School | C3: Faculty / College | D3: Total Scopus Pubs (5yr) | E3: Top 1% Pubs | F3: % in Top 1% | G3: Target % | H3: Gap to Target | I3: Priority
A4: 1 | F4: =IF(D4>0,E4/D4*100,0) -> 0 | H4: =IF(AND(G4>0,F4<G4),G4-F4,0) -> 0 | I4: =IF(H4>1,"High",IF(H4>0.5,"Medium",IF(H4>0,"Low","On Target"))) -> On Target
A5: 2 | F5: =IF(D5>0,E5/D5*100,0) -> 0 | H5: =IF(AND(G5>0,F5<G5),G5-F5,0) -> 0 | I5: =IF(H5>1,"High",IF(H5>0.5,"Medium",IF(H5>0,"Low","On Target"))) -> On Target
A6: 3 | F6: =IF(D6>0,E6/D6*100,0) -> 0 | H6: =IF(AND(G6>0,F6<G6),G6-F6,0) -> 0 | I6: =IF(H6>1,"High",IF(H6>0.5,"Medium",IF(H6>0,"Low","On Target"))) -> On Target
A7: 4 | F7: =IF(D7>0,E7/D7*100,0) -> 0 | H7: =IF(AND(G7>0,F7<G7),G7-F7,0) -> 0 | I7: =IF(H7>1,"High",IF(H7>0.5,"Medium",IF(H7>0,"Low","On Target"))) -> On Target
A8: 5 | F8: =IF(D8>0,E8/D8*100,0) -> 0 | H8: =IF(AND(G8>0,F8<G8),G8-F8,0) -> 0 | I8: =IF(H8>1,"High",IF(H8>0.5,"Medium",IF(H8>0,"Low","On Target"))) -> On Target
A9: 6 | F9: =IF(D9>0,E9/D9*100,0) -> 0 | H9: =IF(AND(G9>0,F9<G9),G9-F9,0) -> 0 | I9: =IF(H9>1,"High",IF(H9>0.5,"Medium",IF(H9>0,"Low","On Target"))) -> On Target
A10: 7 | F10: =IF(D10>0,E10/D10*100,0) -> 0 | H10: =IF(AND(G10>0,F10<G10),G10-F10,0) -> 0 | I10: =IF(H10>1,"High",IF(H10>0.5,"Medium",IF(H10>0,"Low","On Target"))) -> On Target
A11: 8 | F11: =IF(D11>0,E11/D11*100,0) -> 0 | H11: =IF(AND(G11>0,F11<G11),G11-F11,0) -> 0 | I11: =IF(H11>1,"High",IF(H11>0.5,"Medium",IF(H11>0,"Low","On Target"))) -> On Target
A12: 9 | F12: =IF(D12>0,E12/D12*100,0) -> 0 | H12: =IF(AND(G12>0,F12<G12),G12-F12,0) -> 0 | I12: =IF(H12>1,"High",IF(H12>0.5,"Medium",IF(H12>0,"Low","On Target"))) -> On Target
A13: 10 | F13: =IF(D13>0,E13/D13*100,0) -> 0 | H13: =IF(AND(G13>0,F13<G13),G13-F13,0) -> 0 | I13: =IF(H13>1,"High",IF(H13>0.5,"Medium",IF(H13>0,"Low","On Target"))) -> On Target
A14: 11 | F14: =IF(D14>0,E14/D14*100,0) -> 0 | H14: =IF(AND(G14>0,F14<G14),G14-F14,0) -> 0 | I14: =IF(H14>1,"High",IF(H14>0.5,"Medium",IF(H14>0,"Low","On Target"))) -> On Target
A15: 12 | F15: =IF(D15>0,E15/D15*100,0) -> 0 | H15: =IF(AND(G15>0,F15<G15),G15-F15,0) -> 0 | I15: =IF(H15>1,"High",IF(H15>0.5,"Medium",IF(H15>0,"Low","On Target"))) -> On Target
... A43: 40 | F43: =IF(D43>0,E43/D43*100,0) -> 0 | H43: =IF(AND(G43>0,F43<G43),G43-F43,0) -> 0 | I43: =IF(H43>1,"High",IF(H43>0.5,"Medium",IF(H43>0,"Low","On Target"))) -> On Target

Sheet 6. YoY Trend
A1: Research Excellence — 5-Year Trend (% in Top 1%)
A2: Track peak quality improvement | World benchmark = 1.0%
A3: S.No. | B3: University Name | C3: Country | D3: Year 1 (%) | E3: Year 2 | F3: Year 3 | G3: Year 4 | H3: Year 5 (Current) | I3: 5-Year Change (pp) | J3: Growth (%) | K3: Trend
A4: 1 | I4: =IF(AND(D4>0,H4>0),H4-D4,0) -> 0 | J4: =IFERROR(IF(D4>0,(H4-D4)/D4*100,0),0) -> 0 | K4: =IF(I4>0.2,"Improving",IF(I4>0,"Stable",IF(I4<-0.2,"Declining","Flat"))) -> Flat
A5: 2 | I5: =IF(AND(D5>0,H5>0),H5-D5,0) -> 0 | J5: =IFERROR(IF(D5>0,(H5-D5)/D5*100,0),0) -> 0 | K5: =IF(I5>0.2,"Improving",IF(I5>0,"Stable",IF(I5<-0.2,"Declining","Flat"))) -> Flat
A6: 3 | I6: =IF(AND(D6>0,H6>0),H6-D6,0) -> 0 | J6: =IFERROR(IF(D6>0,(H6-D6)/D6*100,0),0) -> 0 | K6: =IF(I6>0.2,"Improving",IF(I6>0,"Stable",IF(I6<-0.2,"Declining","Flat"))) -> Flat
A7: 4 | I7: =IF(AND(D7>0,H7>0),H7-D7,0) -> 0 | J7: =IFERROR(IF(D7>0,(H7-D7)/D7*100,0),0) -> 0 | K7: =IF(I7>0.2,"Improving",IF(I7>0,"Stable",IF(I7<-0.2,"Declining","Flat"))) -> Flat
A8: 5 | I8: =IF(AND(D8>0,H8>0),H8-D8,0) -> 0 | J8: =IFERROR(IF(D8>0,(H8-D8)/D8*100,0),0) -> 0 | K8: =IF(I8>0.2,"Improving",IF(I8>0,"Stable",IF(I8<-0.2,"Declining","Flat"))) -> Flat
A9: 6 | I9: =IF(AND(D9>0,H9>0),H9-D9,0) -> 0 | J9: =IFERROR(IF(D9>0,(H9-D9)/D9*100,0),0) -> 0 | K9: =IF(I9>0.2,"Improving",IF(I9>0,"Stable",IF(I9<-0.2,"Declining","Flat"))) -> Flat
A10: 7 | I10: =IF(AND(D10>0,H10>0),H10-D10,0) -> 0 | J10: =IFERROR(IF(D10>0,(H10-D10)/D10*100,0),0) -> 0 | K10: =IF(I10>0.2,"Improving",IF(I10>0,"Stable",IF(I10<-0.2,"Declining","Flat"))) -> Flat
A11: 8 | I11: =IF(AND(D11>0,H11>0),H11-D11,0) -> 0 | J11: =IFERROR(IF(D11>0,(H11-D11)/D11*100,0),0) -> 0 | K11: =IF(I11>0.2,"Improving",IF(I11>0,"Stable",IF(I11<-0.2,"Declining","Flat"))) -> Flat
A12: 9 | I12: =IF(AND(D12>0,H12>0),H12-D12,0) -> 0 | J12: =IFERROR(IF(D12>0,(H12-D12)/D12*100,0),0) -> 0 | K12: =IF(I12>0.2,"Improving",IF(I12>0,"Stable",IF(I12<-0.2,"Declining","Flat"))) -> Flat
A13: 10 | I13: =IF(AND(D13>0,H13>0),H13-D13,0) -> 0 | J13: =IFERROR(IF(D13>0,(H13-D13)/D13*100,0),0) -> 0 | K13: =IF(I13>0.2,"Improving",IF(I13>0,"Stable",IF(I13<-0.2,"Declining","Flat"))) -> Flat
A14: 11 | I14: =IF(AND(D14>0,H14>0),H14-D14,0) -> 0 | J14: =IFERROR(IF(D14>0,(H14-D14)/D14*100,0),0) -> 0 | K14: =IF(I14>0.2,"Improving",IF(I14>0,"Stable",IF(I14<-0.2,"Declining","Flat"))) -> Flat
A15: 12 | I15: =IF(AND(D15>0,H15>0),H15-D15,0) -> 0 | J15: =IFERROR(IF(D15>0,(H15-D15)/D15*100,0),0) -> 0 | K15: =IF(I15>0.2,"Improving",IF(I15>0,"Stable",IF(I15<-0.2,"Declining","Flat"))) -> Flat
... A33: 30 | I33: =IF(AND(D33>0,H33>0),H33-D33,0) -> 0 | J33: =IFERROR(IF(D33>0,(H33-D33)/D33*100,0),0) -> 0 | K33: =IF(I33>0.2,"Improving",IF(I33>0,"Stable",IF(I33<-0.2,"Declining","Flat"))) -> Flat

Sheet 7. Scoring
A1: Research Excellence Score (0–100) — 5% of Total WUR
A2: % Top 1% → Z-scored → Normalized 0–100
A3: S.No. | B3: University Name | C3: Country | D3: % in Top 1% | E3: Z-Score | F3: Normalized Score (0–100) | G3: Global Rank
A4: 1 | D4: ='1. Top 1% Summary'!F4 -> 0 | E4: =IFERROR((D4-AVERAGE($D$4:$D$33))/STDEV($D$4:$D$33),0) -> 0 | F4: =IFERROR(IF(MAX($D$4:$D$33)-MIN($D$4:$D$33)>0,(D4-MIN($D$4:$D$33))/(MAX($D$4:$D$33)-MIN($D$4:$D$33))*100,0),0) -> 0 | G4: =IFERROR(RANK(F4,$F$4:$F$33,0),"") -> 1
A5: 2 | D5: ='1. Top 1% Summary'!F5 -> 0 | E5: =IFERROR((D5-AVERAGE($D$4:$D$33))/STDEV($D$4:$D$33),0) -> 0 | F5: =IFERROR(IF(MAX($D$4:$D$33)-MIN($D$4:$D$33)>0,(D5-MIN($D$4:$D$33))/(MAX($D$4:$D$33)-MIN($D$4:$D$33))*100,0),0) -> 0 | G5: =IFERROR(RANK(F5,$F$4:$F$33,0),"") -> 1
A6: 3 | D6: ='1. Top 1% Summary'!F6 -> 0 | E6: =IFERROR((D6-AVERAGE($D$4:$D$33))/STDEV($D$4:$D$33),0) -> 0 | F6: =IFERROR(IF(MAX($D$4:$D$33)-MIN($D$4:$D$33)>0,(D6-MIN($D$4:$D$33))/(MAX($D$4:$D$33)-MIN($D$4:$D$33))*100,0),0) -> 0 | G6: =IFERROR(RANK(F6,$F$4:$F$33,0),"") -> 1
A7: 4 | D7: ='1. Top 1% Summary'!F7 -> 0 | E7: =IFERROR((D7-AVERAGE($D$4:$D$33))/STDEV($D$4:$D$33),0) -> 0 | F7: =IFERROR(IF(MAX($D$4:$D$33)-MIN($D$4:$D$33)>0,(D7-MIN($D$4:$D$33))/(MAX($D$4:$D$33)-MIN($D$4:$D$33))*100,0),0) -> 0 | G7: =IFERROR(RANK(F7,$F$4:$F$33,0),"") -> 1
A8: 5 | D8: ='1. Top 1% Summary'!F8 -> 0 | E8: =IFERROR((D8-AVERAGE($D$4:$D$33))/STDEV($D$4:$D$33),0) -> 0 | F8: =IFERROR(IF(MAX($D$4:$D$33)-MIN($D$4:$D$33)>0,(D8-MIN($D$4:$D$33))/(MAX($D$4:$D$33)-MIN($D$4:$D$33))*100,0),0) -> 0 | G8: =IFERROR(RANK(F8,$F$4:$F$33,0),"") -> 1
A9: 6 | D9: ='1. Top 1% Summary'!F9 -> 0 | E9: =IFERROR((D9-AVERAGE($D$4:$D$33))/STDEV($D$4:$D$33),0) -> 0 | F9: =IFERROR(IF(MAX($D$4:$D$33)-MIN($D$4:$D$33)>0,(D9-MIN($D$4:$D$33))/(MAX($D$4:$D$33)-MIN($D$4:$D$33))*100,0),0) -> 0 | G9: =IFERROR(RANK(F9,$F$4:$F$33,0),"") -> 1
A10: 7 | D10: ='1. Top 1% Summary'!F10 -> 0 | E10: =IFERROR((D10-AVERAGE($D$4:$D$33))/STDEV($D$4:$D$33),0) -> 0 | F10: =IFERROR(IF(MAX($D$4:$D$33)-MIN($D$4:$D$33)>0,(D10-MIN($D$4:$D$33))/(MAX($D$4:$D$33)-MIN($D$4:$D$33))*100,0),0) -> 0 | G10: =IFERROR(RANK(F10,$F$4:$F$33,0),"") -> 1
A11: 8 | D11: ='1. Top 1% Summary'!F11 -> 0 | E11: =IFERROR((D11-AVERAGE($D$4:$D$33))/STDEV($D$4:$D$33),0) -> 0 | F11: =IFERROR(IF(MAX($D$4:$D$33)-MIN($D$4:$D$33)>0,(D11-MIN($D$4:$D$33))/(MAX($D$4:$D$33)-MIN($D$4:$D$33))*100,0),0) -> 0 | G11: =IFERROR(RANK(F11,$F$4:$F$33,0),"") -> 1
A12: 9 | D12: ='1. Top 1% Summary'!F12 -> 0 | E12: =IFERROR((D12-AVERAGE($D$4:$D$33))/STDEV($D$4:$D$33),0) -> 0 | F12: =IFERROR(IF(MAX($D$4:$D$33)-MIN($D$4:$D$33)>0,(D12-MIN($D$4:$D$33))/(MAX($D$4:$D$33)-MIN($D$4:$D$33))*100,0),0) -> 0 | G12: =IFERROR(RANK(F12,$F$4:$F$33,0),"") -> 1
A13: 10 | D13: ='1. Top 1% Summary'!F13 -> 0 | E13: =IFERROR((D13-AVERAGE($D$4:$D$33))/STDEV($D$4:$D$33),0) -> 0 | F13: =IFERROR(IF(MAX($D$4:$D$33)-MIN($D$4:$D$33)>0,(D13-MIN($D$4:$D$33))/(MAX($D$4:$D$33)-MIN($D$4:$D$33))*100,0),0) -> 0 | G13: =IFERROR(RANK(F13,$F$4:$F$33,0),"") -> 1
A14: 11 | D14: ='1. Top 1% Summary'!F14 -> 0 | E14: =IFERROR((D14-AVERAGE($D$4:$D$33))/STDEV($D$4:$D$33),0) -> 0 | F14: =IFERROR(IF(MAX($D$4:$D$33)-MIN($D$4:$D$33)>0,(D14-MIN($D$4:$D$33))/(MAX($D$4:$D$33)-MIN($D$4:$D$33))*100,0),0) -> 0 | G14: =IFERROR(RANK(F14,$F$4:$F$33,0),"") -> 1
A15: 12 | D15: ='1. Top 1% Summary'!F15 -> 0 | E15: =IFERROR((D15-AVERAGE($D$4:$D$33))/STDEV($D$4:$D$33),0) -> 0 | F15: =IFERROR(IF(MAX($D$4:$D$33)-MIN($D$4:$D$33)>0,(D15-MIN($D$4:$D$33))/(MAX($D$4:$D$33)-MIN($D$4:$D$33))*100,0),0) -> 0 | G15: =IFERROR(RANK(F15,$F$4:$F$33,0),"") -> 1
... A33: 30 | D33: ='1. Top 1% Summary'!F33 -> 0 | E33: =IFERROR((D33-AVERAGE($D$4:$D$33))/STDEV($D$4:$D$33),0) -> 0 | F33: =IFERROR(IF(MAX($D$4:$D$33)-MIN($D$4:$D$33)>0,(D33-MIN($D$4:$D$33))/(MAX($D$4:$D$33)-MIN($D$4:$D$33))*100,0),0) -> 0 | G33: =IFERROR(RANK(F33,$F$4:$F$33,0),"") -> 1

Sheet 8. Action Plan
A1: Research Excellence — Strategic Action Plan
A3: # | B3: University Name | C3: Action Item | D3: Phase | E3: Status | F3: Target Date | G3: Remarks
A4: 1 | C4: Identify current top-1% papers and the researchers who produced them | D4: 1 (0–6mo)
A5: 2 | C5: Map Highly Cited Researchers (HCRs) — recruit 2–3 for visiting/permanent positions | D5: 1 (0–6mo)
A6: 3 | C6: Establish 'Breakthrough Research Fund' for high-risk/high-reward projects | D6: 1 (0–6mo)
A7: 4 | C7: Create dedicated sabbatical / fellowship programme for potential HCR faculty | D7: 2 (6–18mo)
A8: 5 | C8: Build collaboration networks with top-1% researchers at elite institutions | D8: 2 (6–18mo)
A9: 6 | C9: Target Nature/Science/Cell/Lancet/PNAS submissions for max citation potential | D9: 2 (6–18mo)
A10: 7 | C10: Fund large-scale multi-centre studies with high top-1% probability | D10: 2 (6–18mo)
A11: 8 | C11: Provide dedicated research assistants / postdocs to support potential HCR faculty | D11: 2 (6–18mo)
A12: 9 | C12: Establish Centres of Excellence around breakthrough research themes | D12: 2 (6–18mo)
A13: 10 | C13: Target institutional >2% in top 1% (2× world average) | D13: 3 (18–36mo)
A14: 11 | C14: Grow HCR count by 50–100% from Year 1 baseline | D14: 3 (18–36mo)
A15: 12 | C15: Embed top-1% targets in faculty appraisal for senior researchers | D15: 3 (18–36mo)
A17: Progress
A18: Completed | D18: =COUNTIF(E4:E15,"Done") -> 0
A19: In Progress | D19: =COUNTIF(E4:E15,"IP") -> 0
A20: Completion (%) | D20: =IFERROR(COUNTIF(E4:E15,"Done")/12*100,0) -> 0

Sheet 9. Benchmarking
A1: Benchmarking — Research Excellence
A3: S.No. | B3: University / Benchmark | C3: % in Top 1% | D3: Top 1% Count | E3: Score (0–100) | F3: Peer Group
A4: 1 | B4: Your Institution | F4: Target
A5: 2 | B5: Global Top 10 Average | F5: Aspirational
A6: 3 | B6: National Average | F6: National
A7: 4 | B7: Peer Group Average | F7: Peer
A8: 5 | B8: World Benchmark | F8: 1.0% (by definition)
A9: 1
A10: 2
A11: 3
A12: 4
A13: 5
A14: 6
A15: 7
A16: 8
A17: 9
A18: 10
A19: 11
A20: 12
... A23: 15

Sheet 10. Risk Assessment
A1: Research Excellence — Risk Assessment
A3: # | B3: Risk | C3: Level | D3: Impact | E3: Mitigation | F3: Owner
A4: 1 | B4: No / few top-1% papers | C4: 🔴 High | D4: Zero score on this indicator; major gap vs peers | E4: Recruit HCRs; fund breakthrough research; target elite journals
A5: 2 | B5: HCR departure / retirement | C5: 🔴 High | D5: Loss of top-1% capacity; proportion drops sharply | E5: Retention packages; succession planning; build institutional depth
A6: 3 | B6: Over-reliance on 1–2 star researchers | C6: 🟡 Medium | D6: Score depends on few individuals; fragile | E6: Build broader capability; develop mid-career faculty pipeline
A7: 4 | B7: Scopus affiliation errors on top papers | C7: 🔴 High | D7: Top-1% papers not attributed to institution | E7: Priority Scopus audit for highest-cited papers
A8: 5 | B8: Self-citation inflation of HCP status | C8: 🟡 Medium | D8: Papers appear in top 1% due to self-citations; excluded by THE | E8: Focus on external citations; self-citations excluded from analysis
A9: 6 | B9: Publishing volume strategy diluting proportion | C9: 🟡 Medium | D9: More papers without proportional increase in top-1% | E9: Quality over quantity; strategic publishing, not volume targets
A10: 7 | B10: Citation lag for recent breakthrough papers | C10: 🟢 Low | D10: New breakthrough papers haven't reached top-1% threshold yet | E10: 5-year window helps; focus on earlier-year publications
A11: 8 | B11: Field imbalance affecting top-1% rates | C11: 🟡 Medium | D11: Some fields have lower citation rates; harder to reach top 1% | E11: FWCI and top-1% are field-normalized; ensure faculty aware of benchmarks

Sheet 11. Data Quality Audit
A1: Research Excellence — Data Quality & Audit Checklist
A2: Validation checks for this indicator (5% of total WUR score)
A3: # | B3: Quality Check | C3: Description | D3: Status (✓/✗/IP) | E3: Date | F3: Reviewer
A4: 1 | B4: Scopus source verification | C4: All data from Scopus; top-1% thresholds from Scopus/SciVal global benchmarks
A5: 2 | B5: 5-year window confirmation | C5: Publication window matches current THE ranking cycle
A6: 3 | B6: Document type filter | C6: Only articles, reviews, conference papers; editorials, letters excluded
A7: 4 | B7: Field normalization | C7: Top-1% threshold computed against global field-year-doctype citation distribution
A8: 5 | B8: Self-citation exclusion | C8: Institutional self-citations excluded before determining top-1% status
A9: 6 | B9: Scopus Affiliation ID check | C9: All institutional affiliations verified; priority audit for highest-cited papers
A10: 7 | B10: Fractional counting applied | C10: Multi-institution papers counted fractionally for top-1% proportion
A11: 8 | B11: Proportion calculation | C11: % Top 1% = (Top 1% papers / Total papers) × 100; verified
A12: 9 | B12: HCR identification methodology | C12: Highly Cited Researchers identified via Clarivate HCR list and/or SciVal equivalents
A13: 10 | B13: HCR affiliation verification | C13: Each HCR listed confirmed as having current institutional affiliation
A14: 11 | B14: Landmark paper documentation | C14: All top-1% papers individually logged with DOI, citations, FWCI, and impact description
A15: 12 | B15: Department-level reconciliation | C15: Sum of department top-1% papers ≈ institutional total
... A23: 20 | B23: Reproducibility test | C23: % Top 1% reproducible from Scopus/SciVal data within ±0.5 percentage points
