Workbook

Sheet Methodology Overview
A1: THE World University Rankings — Teaching (29.5%) → Doctorate-to-Bachelor's Ratio (2%)
A2: Measures Research Intensity of the Student Body | Higher Ratio = Stronger Postgraduate Research Culture
A4: # | B4: Component | C4: Description & Methodology | D4: Weight
A5: 1 | B5: Doctorate-to-Bachelor's Ratio | C5: Ratio of doctoral (PhD) students to undergraduate (bachelor's) students at the institution. Computed as: PhD Student FTE ÷ Bachelor's Student FTE. A higher ratio signals a research-intensive institution where postgraduate research training is a significant part of the academic ecosystem. THE uses this as a proxy for the depth of the research environment within the teaching pillar. | D5: 2% of WUR
A6: 2 | B6: Doctoral Students (Numerator) | C6: Full-time equivalent count of students enrolled in doctoral / PhD programmes. Includes: full-time PhD students (1.0 FTE each), part-time PhD students (at proportional FTE, typically 0.5), and professional doctorate students (e.g., EdD, DBA, MD-PhD) if enrolled in a research-based doctoral programme. Excludes: MPhil students (unless registered for PhD conversion), postdoctoral researchers (they are staff, not students). | D6: Numerator
A7: 3 | B7: Bachelor's Students (Denominator) | C7: Full-time equivalent count of students enrolled in bachelor's / undergraduate degree programmes. Includes: full-time UG (1.0 FTE), part-time UG (proportional FTE). Excludes: diploma students (sub-degree), certificate students, visiting/exchange students (<1 semester), and non-degree audit students. | D7: Denominator
A8: 4 | B8: Scoring Logic | C8: THE normalizes the raw ratio using z-scoring across all ranked universities. Higher ratio = higher z-score = better position. Research-intensive universities (e.g., Caltech, MIT, ETH Zurich) with large PhD cohorts relative to UG cohorts score highest. Teaching-focused universities with small PhD programmes relative to large UG enrolment score lower. | D8: Normalization
A9: 5 | B9: Context: Teaching Pillar | C9: Teaching (29.5%) = Teaching Reputation (15%) + Staff-to-Student Ratio (4.5%) + Doctorates Awarded per Staff (5.5%) + Doctorate-to-Bachelor's Ratio (2%) + Institutional Income (2.5%). This indicator is rated 🟡 Moderate difficulty — gradually improves with improved postgraduate ecosystem (1–3 years). | D9: 2% of 29.5%
A11: Improvement Strategies (from Strategic Roadmap)
A12: • Increase intake of PhD scholars — expand PhD admissions across departments.
A13: • Provide seed funding for PhD support (stipends, conference travel, lab access).
A14: • Strengthen supervisor training, doctoral review boards, and research labs.
A15: • Establish doctoral research grants and conference travel funding.
A16: • Set up Centres of Excellence (CoEs) in high-impact research areas to attract PhD students.
A17: • Build a postdoctoral fellowship programme feeding into PhD supervision capacity.
A18: • Improve PhD completion rates to demonstrate programme viability and attract more applicants.
A19: • Difficulty: 🟡 Moderate (1–3 years). Gradually improves with improved postgraduate ecosystem.

Sheet 1. Doctoral Student FTE
A1: Doctoral / PhD Student Enrolment — Full-Time Equivalent (FTE)
A2: All enrolled PhD students | Full-time at 1.0 FTE; part-time at proportional FTE | Includes professional doctorates
A3: S.No. | B3: University Name | C3: Country | D3: PhD Full-Time (Science/Engg) | E3: PhD Full-Time (Arts/Humanities/Social Sci) | F3: PhD Full-Time (Other Disciplines) | G3: PhD Part-Time (FTE equivalent) | H3: Professional Doctorates (EdD/DBA/MD-PhD) FTE | I3: Total Doctoral Student FTE | J3: Reporting Year
A4: 1 | I4: =SUM(D4:H4) -> 0
A5: 2 | I5: =SUM(D5:H5) -> 0
A6: 3 | I6: =SUM(D6:H6) -> 0
A7: 4 | I7: =SUM(D7:H7) -> 0
A8: 5 | I8: =SUM(D8:H8) -> 0
A9: 6 | I9: =SUM(D9:H9) -> 0
A10: 7 | I10: =SUM(D10:H10) -> 0
A11: 8 | I11: =SUM(D11:H11) -> 0
A12: 9 | I12: =SUM(D12:H12) -> 0
A13: 10 | I13: =SUM(D13:H13) -> 0
A14: 11 | I14: =SUM(D14:H14) -> 0
A15: 12 | I15: =SUM(D15:H15) -> 0
... A33: 30 | I33: =SUM(D33:H33) -> 0
A35: Department-Level Doctoral Student Breakdown
A36: S.No. | B36: Department / School | C36: Faculty / College | D36: PhD FT (Current Year) | E36: PhD PT (FTE) | F36: Total PhD FTE | G36: New PhD Admissions (Year) | H36: PhD Completions (Year) | I36: Avg Time-to-Completion (Months) | J36: University Name
A37: 1 | F37: =D37+E37 -> 0
A38: 2 | F38: =D38+E38 -> 0
A39: 3 | F39: =D39+E39 -> 0
A40: 4 | F40: =D40+E40 -> 0
A41: 5 | F41: =D41+E41 -> 0
A42: 6 | F42: =D42+E42 -> 0
A43: 7 | F43: =D43+E43 -> 0
A44: 8 | F44: =D44+E44 -> 0
A45: 9 | F45: =D45+E45 -> 0
A46: 10 | F46: =D46+E46 -> 0
A47: 11 | F47: =D47+E47 -> 0
A48: 12 | F48: =D48+E48 -> 0
... A76: 40 | F76: =D76+E76 -> 0

Sheet 2. Bachelor Student FTE
A1: Bachelor's / Undergraduate Student Enrolment — Full-Time Equivalent (FTE)
A2: All enrolled bachelor's degree students | Full-time at 1.0 FTE; part-time at proportional FTE
A3: S.No. | B3: University Name | C3: Country | D3: UG Full-Time (Science/Engg) | E3: UG Full-Time (Arts/Humanities/Social Sci) | F3: UG Full-Time (Other Disciplines) | G3: UG Part-Time (FTE equivalent) | H3: Total Bachelor's Student FTE | I3: Reporting Year
A4: 1 | H4: =SUM(D4:G4) -> 0
A5: 2 | H5: =SUM(D5:G5) -> 0
A6: 3 | H6: =SUM(D6:G6) -> 0
A7: 4 | H7: =SUM(D7:G7) -> 0
A8: 5 | H8: =SUM(D8:G8) -> 0
A9: 6 | H9: =SUM(D9:G9) -> 0
A10: 7 | H10: =SUM(D10:G10) -> 0
A11: 8 | H11: =SUM(D11:G11) -> 0
A12: 9 | H12: =SUM(D12:G12) -> 0
A13: 10 | H13: =SUM(D13:G13) -> 0
A14: 11 | H14: =SUM(D14:G14) -> 0
A15: 12 | H15: =SUM(D15:G15) -> 0
... A33: 30 | H33: =SUM(D33:G33) -> 0
A35: Department-Level Bachelor's Student Breakdown
A36: S.No. | B36: Department / School | C36: Faculty / College | D36: UG FT (Current Year) | E36: UG PT (FTE) | F36: Total UG FTE | G36: New UG Admissions (Year) | H36: UG Graduations (Year) | I36: University Name
A37: 1 | F37: =D37+E37 -> 0
A38: 2 | F38: =D38+E38 -> 0
A39: 3 | F39: =D39+E39 -> 0
A40: 4 | F40: =D40+E40 -> 0
A41: 5 | F41: =D41+E41 -> 0
A42: 6 | F42: =D42+E42 -> 0
A43: 7 | F43: =D43+E43 -> 0
A44: 8 | F44: =D44+E44 -> 0
A45: 9 | F45: =D45+E45 -> 0
A46: 10 | F46: =D46+E46 -> 0
A47: 11 | F47: =D47+E47 -> 0
A48: 12 | F48: =D48+E48 -> 0
... A76: 40 | F76: =D76+E76 -> 0

Sheet 3. Ratio Calculation
A1: Doctorate-to-Bachelor's Ratio — Calculation & Scoring
A2: Ratio = PhD Student FTE ÷ Bachelor's Student FTE | Higher ratio = better | Z-scored across all universities
A3: S.No. | B3: University Name | C3: Country | D3: Doctoral Student FTE | E3: Bachelor's Student FTE | F3: Doctorate-to-Bachelor's Ratio | G3: Z-Score | H3: Normalized Score (0–100) | I3: Reporting Year
A4: 1 | D4: ='1. Doctoral Student FTE'!I4 -> 0 | E4: ='2. Bachelor Student FTE'!H4 -> 0 | F4: =IF(E4>0,D4/E4,0) -> 0 | G4: =IFERROR((F4-AVERAGE($F$4:$F$33))/STDEV($F$4:$F$33),0) -> 0 | H4: =IFERROR(IF(MAX($F$4:$F$33)-MIN($F$4:$F$33)>0,(F4-MIN($F$4:$F$33))/(MAX($F$4:$F$33)-MIN($F$4:$F$33))*100,0),0) -> 0
A5: 2 | D5: ='1. Doctoral Student FTE'!I5 -> 0 | E5: ='2. Bachelor Student FTE'!H5 -> 0 | F5: =IF(E5>0,D5/E5,0) -> 0 | G5: =IFERROR((F5-AVERAGE($F$4:$F$33))/STDEV($F$4:$F$33),0) -> 0 | H5: =IFERROR(IF(MAX($F$4:$F$33)-MIN($F$4:$F$33)>0,(F5-MIN($F$4:$F$33))/(MAX($F$4:$F$33)-MIN($F$4:$F$33))*100,0),0) -> 0
A6: 3 | D6: ='1. Doctoral Student FTE'!I6 -> 0 | E6: ='2. Bachelor Student FTE'!H6 -> 0 | F6: =IF(E6>0,D6/E6,0) -> 0 | G6: =IFERROR((F6-AVERAGE($F$4:$F$33))/STDEV($F$4:$F$33),0) -> 0 | H6: =IFERROR(IF(MAX($F$4:$F$33)-MIN($F$4:$F$33)>0,(F6-MIN($F$4:$F$33))/(MAX($F$4:$F$33)-MIN($F$4:$F$33))*100,0),0) -> 0
A7: 4 | D7: ='1. Doctoral Student FTE'!I7 -> 0 | E7: ='2. Bachelor Student FTE'!H7 -> 0 | F7: =IF(E7>0,D7/E7,0) -> 0 | G7: =IFERROR((F7-AVERAGE($F$4:$F$33))/STDEV($F$4:$F$33),0) -> 0 | H7: =IFERROR(IF(MAX($F$4:$F$33)-MIN($F$4:$F$33)>0,(F7-MIN($F$4:$F$33))/(MAX($F$4:$F$33)-MIN($F$4:$F$33))*100,0),0) -> 0
A8: 5 | D8: ='1. Doctoral Student FTE'!I8 -> 0 | E8: ='2. Bachelor Student FTE'!H8 -> 0 | F8: =IF(E8>0,D8/E8,0) -> 0 | G8: =IFERROR((F8-AVERAGE($F$4:$F$33))/STDEV($F$4:$F$33),0) -> 0 | H8: =IFERROR(IF(MAX($F$4:$F$33)-MIN($F$4:$F$33)>0,(F8-MIN($F$4:$F$33))/(MAX($F$4:$F$33)-MIN($F$4:$F$33))*100,0),0) -> 0
A9: 6 | D9: ='1. Doctoral Student FTE'!I9 -> 0 | E9: ='2. Bachelor Student FTE'!H9 -> 0 | F9: =IF(E9>0,D9/E9,0) -> 0 | G9: =IFERROR((F9-AVERAGE($F$4:$F$33))/STDEV($F$4:$F$33),0) -> 0 | H9: =IFERROR(IF(MAX($F$4:$F$33)-MIN($F$4:$F$33)>0,(F9-MIN($F$4:$F$33))/(MAX($F$4:$F$33)-MIN($F$4:$F$33))*100,0),0) -> 0
A10: 7 | D10: ='1. Doctoral Student FTE'!I10 -> 0 | E10: ='2. Bachelor Student FTE'!H10 -> 0 | F10: =IF(E10>0,D10/E10,0) -> 0 | G10: =IFERROR((F10-AVERAGE($F$4:$F$33))/STDEV($F$4:$F$33),0) -> 0 | H10: =IFERROR(IF(MAX($F$4:$F$33)-MIN($F$4:$F$33)>0,(F10-MIN($F$4:$F$33))/(MAX($F$4:$F$33)-MIN($F$4:$F$33))*100,0),0) -> 0
A11: 8 | D11: ='1. Doctoral Student FTE'!I11 -> 0 | E11: ='2. Bachelor Student FTE'!H11 -> 0 | F11: =IF(E11>0,D11/E11,0) -> 0 | G11: =IFERROR((F11-AVERAGE($F$4:$F$33))/STDEV($F$4:$F$33),0) -> 0 | H11: =IFERROR(IF(MAX($F$4:$F$33)-MIN($F$4:$F$33)>0,(F11-MIN($F$4:$F$33))/(MAX($F$4:$F$33)-MIN($F$4:$F$33))*100,0),0) -> 0
A12: 9 | D12: ='1. Doctoral Student FTE'!I12 -> 0 | E12: ='2. Bachelor Student FTE'!H12 -> 0 | F12: =IF(E12>0,D12/E12,0) -> 0 | G12: =IFERROR((F12-AVERAGE($F$4:$F$33))/STDEV($F$4:$F$33),0) -> 0 | H12: =IFERROR(IF(MAX($F$4:$F$33)-MIN($F$4:$F$33)>0,(F12-MIN($F$4:$F$33))/(MAX($F$4:$F$33)-MIN($F$4:$F$33))*100,0),0) -> 0
A13: 10 | D13: ='1. Doctoral Student FTE'!I13 -> 0 | E13: ='2. Bachelor Student FTE'!H13 -> 0 | F13: =IF(E13>0,D13/E13,0) -> 0 | G13: =IFERROR((F13-AVERAGE($F$4:$F$33))/STDEV($F$4:$F$33),0) -> 0 | H13: =IFERROR(IF(MAX($F$4:$F$33)-MIN($F$4:$F$33)>0,(F13-MIN($F$4:$F$33))/(MAX($F$4:$F$33)-MIN($F$4:$F$33))*100,0),0) -> 0
A14: 11 | D14: ='1. Doctoral Student FTE'!I14 -> 0 | E14: ='2. Bachelor Student FTE'!H14 -> 0 | F14: =IF(E14>0,D14/E14,0) -> 0 | G14: =IFERROR((F14-AVERAGE($F$4:$F$33))/STDEV($F$4:$F$33),0) -> 0 | H14: =IFERROR(IF(MAX($F$4:$F$33)-MIN($F$4:$F$33)>0,(F14-MIN($F$4:$F$33))/(MAX($F$4:$F$33)-MIN($F$4:$F$33))*100,0),0) -> 0
A15: 12 | D15: ='1. Doctoral Student FTE'!I15 -> 0 | E15: ='2. Bachelor Student FTE'!H15 -> 0 | F15: =IF(E15>0,D15/E15,0) -> 0 | G15: =IFERROR((F15-AVERAGE($F$4:$F$33))/STDEV($F$4:$F$33),0) -> 0 | H15: =IFERROR(IF(MAX($F$4:$F$33)-MIN($F$4:$F$33)>0,(F15-MIN($F$4:$F$33))/(MAX($F$4:$F$33)-MIN($F$4:$F$33))*100,0),0) -> 0
... A33: 30 | D33: ='1. Doctoral Student FTE'!I33 -> 0 | E33: ='2. Bachelor Student FTE'!H33 -> 0 | F33: =IF(E33>0,D33/E33,0) -> 0 | G33: =IFERROR((F33-AVERAGE($F$4:$F$33))/STDEV($F$4:$F$33),0) -> 0 | H33: =IFERROR(IF(MAX($F$4:$F$33)-MIN($F$4:$F$33)>0,(F33-MIN($F$4:$F$33))/(MAX($F$4:$F$33)-MIN($F$4:$F$33))*100,0),0) -> 0
A35: Summary Statistics
A36: Average Ratio | F36: =IF(COUNTA(F4:F33)>0,AVERAGE(F4:F33),0) -> 0
A37: Highest Ratio (Best) | F37: =MAX(F4:F33) -> 0
A38: Lowest Ratio | F38: =MIN(F4:F33) -> 0
A39: Median Ratio | F39: =MEDIAN(F4:F33) -> 0
A40: Std Deviation | F40: =IF(COUNTA(F4:F33)>1,STDEV(F4:F33),0) -> 0

Sheet 4. Dept-Level Ratios
A1: Department-Level Doctorate-to-Bachelor's Ratios
A2: Identifies departments with strong/weak PhD-to-UG ratios | Prioritize PhD growth where ratio is lowest
A3: S.No. | B3: Department / School | C3: Faculty / College | D3: PhD FTE | E3: UG FTE | F3: PhD:UG Ratio | G3: Target Ratio | H3: Gap to Target | I3: Priority
A4: 1 | F4: =IF(E4>0,D4/E4,0) -> 0 | H4: =IF(AND(F4>0,G4>0),G4-F4,0) -> 0 | I4: =IF(H4>0.05,"High",IF(H4>0.02,"Medium",IF(H4>0,"Low","On Target"))) -> On Target
A5: 2 | F5: =IF(E5>0,D5/E5,0) -> 0 | H5: =IF(AND(F5>0,G5>0),G5-F5,0) -> 0 | I5: =IF(H5>0.05,"High",IF(H5>0.02,"Medium",IF(H5>0,"Low","On Target"))) -> On Target
A6: 3 | F6: =IF(E6>0,D6/E6,0) -> 0 | H6: =IF(AND(F6>0,G6>0),G6-F6,0) -> 0 | I6: =IF(H6>0.05,"High",IF(H6>0.02,"Medium",IF(H6>0,"Low","On Target"))) -> On Target
A7: 4 | F7: =IF(E7>0,D7/E7,0) -> 0 | H7: =IF(AND(F7>0,G7>0),G7-F7,0) -> 0 | I7: =IF(H7>0.05,"High",IF(H7>0.02,"Medium",IF(H7>0,"Low","On Target"))) -> On Target
A8: 5 | F8: =IF(E8>0,D8/E8,0) -> 0 | H8: =IF(AND(F8>0,G8>0),G8-F8,0) -> 0 | I8: =IF(H8>0.05,"High",IF(H8>0.02,"Medium",IF(H8>0,"Low","On Target"))) -> On Target
A9: 6 | F9: =IF(E9>0,D9/E9,0) -> 0 | H9: =IF(AND(F9>0,G9>0),G9-F9,0) -> 0 | I9: =IF(H9>0.05,"High",IF(H9>0.02,"Medium",IF(H9>0,"Low","On Target"))) -> On Target
A10: 7 | F10: =IF(E10>0,D10/E10,0) -> 0 | H10: =IF(AND(F10>0,G10>0),G10-F10,0) -> 0 | I10: =IF(H10>0.05,"High",IF(H10>0.02,"Medium",IF(H10>0,"Low","On Target"))) -> On Target
A11: 8 | F11: =IF(E11>0,D11/E11,0) -> 0 | H11: =IF(AND(F11>0,G11>0),G11-F11,0) -> 0 | I11: =IF(H11>0.05,"High",IF(H11>0.02,"Medium",IF(H11>0,"Low","On Target"))) -> On Target
A12: 9 | F12: =IF(E12>0,D12/E12,0) -> 0 | H12: =IF(AND(F12>0,G12>0),G12-F12,0) -> 0 | I12: =IF(H12>0.05,"High",IF(H12>0.02,"Medium",IF(H12>0,"Low","On Target"))) -> On Target
A13: 10 | F13: =IF(E13>0,D13/E13,0) -> 0 | H13: =IF(AND(F13>0,G13>0),G13-F13,0) -> 0 | I13: =IF(H13>0.05,"High",IF(H13>0.02,"Medium",IF(H13>0,"Low","On Target"))) -> On Target
A14: 11 | F14: =IF(E14>0,D14/E14,0) -> 0 | H14: =IF(AND(F14>0,G14>0),G14-F14,0) -> 0 | I14: =IF(H14>0.05,"High",IF(H14>0.02,"Medium",IF(H14>0,"Low","On Target"))) -> On Target
A15: 12 | F15: =IF(E15>0,D15/E15,0) -> 0 | H15: =IF(AND(F15>0,G15>0),G15-F15,0) -> 0 | I15: =IF(H15>0.05,"High",IF(H15>0.02,"Medium",IF(H15>0,"Low","On Target"))) -> On Target
... A43: 40 | F43: =IF(E43>0,D43/E43,0) -> 0 | H43: =IF(AND(F43>0,G43>0),G43-F43,0) -> 0 | I43: =IF(H43>0.05,"High",IF(H43>0.02,"Medium",IF(H43>0,"Low","On Target"))) -> On Target

Sheet 5. YoY Trend
A1: Doctorate-to-Bachelor's Ratio — 5-Year Trend Analysis
A2: Track ratio improvement | Demonstrates investment in doctoral ecosystem
A3: S.No. | B3: University Name | C3: Country | D3: Year 1 Ratio | E3: Year 2 | F3: Year 3 | G3: Year 4 | H3: Year 5 (Current) | I3: 5-Year Change | J3: Improvement Rate (%) | K3: Trend
A4: 1 | I4: =IF(AND(D4>0,H4>0),H4-D4,0) -> 0 | J4: =IFERROR(IF(D4>0,(H4-D4)/D4*100,0),0) -> 0 | K4: =IF(I4>0.01,"Improving",IF(I4>0,"Stable",IF(I4<-0.01,"Worsening","Flat"))) -> Flat
A5: 2 | I5: =IF(AND(D5>0,H5>0),H5-D5,0) -> 0 | J5: =IFERROR(IF(D5>0,(H5-D5)/D5*100,0),0) -> 0 | K5: =IF(I5>0.01,"Improving",IF(I5>0,"Stable",IF(I5<-0.01,"Worsening","Flat"))) -> Flat
A6: 3 | I6: =IF(AND(D6>0,H6>0),H6-D6,0) -> 0 | J6: =IFERROR(IF(D6>0,(H6-D6)/D6*100,0),0) -> 0 | K6: =IF(I6>0.01,"Improving",IF(I6>0,"Stable",IF(I6<-0.01,"Worsening","Flat"))) -> Flat
A7: 4 | I7: =IF(AND(D7>0,H7>0),H7-D7,0) -> 0 | J7: =IFERROR(IF(D7>0,(H7-D7)/D7*100,0),0) -> 0 | K7: =IF(I7>0.01,"Improving",IF(I7>0,"Stable",IF(I7<-0.01,"Worsening","Flat"))) -> Flat
A8: 5 | I8: =IF(AND(D8>0,H8>0),H8-D8,0) -> 0 | J8: =IFERROR(IF(D8>0,(H8-D8)/D8*100,0),0) -> 0 | K8: =IF(I8>0.01,"Improving",IF(I8>0,"Stable",IF(I8<-0.01,"Worsening","Flat"))) -> Flat
A9: 6 | I9: =IF(AND(D9>0,H9>0),H9-D9,0) -> 0 | J9: =IFERROR(IF(D9>0,(H9-D9)/D9*100,0),0) -> 0 | K9: =IF(I9>0.01,"Improving",IF(I9>0,"Stable",IF(I9<-0.01,"Worsening","Flat"))) -> Flat
A10: 7 | I10: =IF(AND(D10>0,H10>0),H10-D10,0) -> 0 | J10: =IFERROR(IF(D10>0,(H10-D10)/D10*100,0),0) -> 0 | K10: =IF(I10>0.01,"Improving",IF(I10>0,"Stable",IF(I10<-0.01,"Worsening","Flat"))) -> Flat
A11: 8 | I11: =IF(AND(D11>0,H11>0),H11-D11,0) -> 0 | J11: =IFERROR(IF(D11>0,(H11-D11)/D11*100,0),0) -> 0 | K11: =IF(I11>0.01,"Improving",IF(I11>0,"Stable",IF(I11<-0.01,"Worsening","Flat"))) -> Flat
A12: 9 | I12: =IF(AND(D12>0,H12>0),H12-D12,0) -> 0 | J12: =IFERROR(IF(D12>0,(H12-D12)/D12*100,0),0) -> 0 | K12: =IF(I12>0.01,"Improving",IF(I12>0,"Stable",IF(I12<-0.01,"Worsening","Flat"))) -> Flat
A13: 10 | I13: =IF(AND(D13>0,H13>0),H13-D13,0) -> 0 | J13: =IFERROR(IF(D13>0,(H13-D13)/D13*100,0),0) -> 0 | K13: =IF(I13>0.01,"Improving",IF(I13>0,"Stable",IF(I13<-0.01,"Worsening","Flat"))) -> Flat
A14: 11 | I14: =IF(AND(D14>0,H14>0),H14-D14,0) -> 0 | J14: =IFERROR(IF(D14>0,(H14-D14)/D14*100,0),0) -> 0 | K14: =IF(I14>0.01,"Improving",IF(I14>0,"Stable",IF(I14<-0.01,"Worsening","Flat"))) -> Flat
A15: 12 | I15: =IF(AND(D15>0,H15>0),H15-D15,0) -> 0 | J15: =IFERROR(IF(D15>0,(H15-D15)/D15*100,0),0) -> 0 | K15: =IF(I15>0.01,"Improving",IF(I15>0,"Stable",IF(I15<-0.01,"Worsening","Flat"))) -> Flat
... A33: 30 | I33: =IF(AND(D33>0,H33>0),H33-D33,0) -> 0 | J33: =IFERROR(IF(D33>0,(H33-D33)/D33*100,0),0) -> 0 | K33: =IF(I33>0.01,"Improving",IF(I33>0,"Stable",IF(I33<-0.01,"Worsening","Flat"))) -> Flat

Sheet 6. PhD Growth Plan
A1: PhD Enrolment Growth & Doctoral Ecosystem Strengthening Plan
A2: Aligned with THE 3-Year Roadmap | Actions to increase PhD FTE and improve doctorate-to-bachelor's ratio
A3: # | B3: University Name | C3: Action Item | D3: Phase (1/2/3) | E3: Status (Done/IP/Planned) | F3: Target Date | G3: Remarks
A4: 1 | C4: Increase PhD enrolment by 20–30% across departments | D4: 1 (0–6mo)
A5: 2 | C5: Provide seed funding for PhD stipends and conference travel | D5: 1 (0–6mo)
A6: 3 | C6: Strengthen supervisor training and doctoral review boards | D6: 1 (0–6mo)
A7: 4 | C7: Improve research lab infrastructure for PhD students | D7: 1 (0–6mo)
A8: 5 | C8: Launch PhD admissions marketing targeting top master's graduates | D8: 1 (0–6mo)
A9: 6 | C9: Establish 3 Centres of Excellence (CoEs) in high-impact areas | D9: 2 (6–18mo)
A10: 7 | C10: Build postdoctoral fellowship programme (feeds PhD supervision) | D10: 2 (6–18mo)
A11: 8 | C11: Establish doctoral research grants and travel funding | D11: 2 (6–18mo)
A12: 9 | C12: Create interdisciplinary PhD programmes to attract diverse candidates | D12: 2 (6–18mo)
A13: 10 | C13: Partner with industry for co-funded PhD studentships | D13: 2 (6–18mo)
A14: 11 | C14: Recruit international PhD students via scholarship schemes | D14: 2 (6–18mo)
A15: 12 | C15: Set up joint / dual PhD programmes with international universities | D15: 2 (6–18mo)
... A19: 16 | C19: Embed PhD targets into departmental KPIs and faculty appraisal | D19: 3 (18–36mo)
A21: Progress Summary
A22: Actions Completed | D22: =COUNTIF(E4:E19,"Done") -> 0
A23: Actions In Progress | D23: =COUNTIF(E4:E19,"IP") -> 0
A24: Completion Rate (%) | D24: =IFERROR(COUNTIF(E4:E19,"Done")/16*100,0) -> 0

Sheet 7. FTE Rules
A1: FTE Counting Rules — Doctoral & Bachelor's Students per THE Definition
A2: Precise inclusions & exclusions for THE-compliant student FTE counts
A3: # | B3: Category | C3: Rule / Definition | D3: Include / Exclude | E3: Notes
A4: 1 | B4: Doctoral | C4: Full-time PhD student | D4: Include | E4: Standard PhD enrolment
A5: 2 | B5: Doctoral | C5: Part-time PhD student | D5: Include | E5: Pro-rata based on registration
A6: 3 | B6: Doctoral | C6: Professional doctorate (EdD, DBA, MD-PhD) | D6: Include | E6: Must involve thesis/dissertation
A7: 4 | B7: Doctoral | C7: MPhil student (not converting to PhD) | D7: Exclude | E7: Not a doctoral degree
A8: 5 | B8: Doctoral | C8: MPhil converting to PhD (registered for PhD) | D8: Include | E8: Once PhD-registered
A9: 6 | B9: Doctoral | C9: Postdoctoral researcher | D9: Exclude | E9: Falls under staff FTE
A10: 7 | B10: Doctoral | C10: PhD student on leave of absence | D10: Exclude | E10: Not actively enrolled
A11: 8 | B11: Doctoral | C11: Visiting PhD from another institution | D11: Exclude | E11: Enrolled at home institution
A12: 9 | B12: Bachelor's | C12: Full-time UG student (bachelor's degree) | D12: Include | E12: Standard UG enrolment
A13: 10 | B13: Bachelor's | C13: Part-time UG student | D13: Include | E13: Pro-rata
A14: 11 | B14: Bachelor's | C14: Integrated BS-MS / dual degree UG portion | D14: Include | E14: Split at transition point
A15: 12 | B15: Bachelor's | C15: Diploma / sub-degree student | D15: Exclude | E15: Not bachelor's level
... A18: 15 | B18: Bachelor's | C18: Distance / online-only UG student | D18: Conditional | E18: May vary by cycle

Sheet 8. Benchmarking
A1: Benchmarking — Doctorate-to-Bachelor's Ratio
A2: Compare against peers, aspirational targets, and global top performers
A3: S.No. | B3: University / Benchmark | C3: PhD FTE | D3: UG FTE | E3: Ratio | F3: Score (0–100) | G3: Peer Group
A4: 1 | B4: Your Institution | G4: Target
A5: 2 | B5: Global Top 10 Average | G5: Aspirational
A6: 3 | B6: National Average | G6: National
A7: 4 | B7: Peer Group Average | G7: Peer
A8: 5 | B8: Research-Intensive Benchmark | G8: ~0.3–0.5 ratio
A9: 1
A10: 2
A11: 3
A12: 4
A13: 5
A14: 6
A15: 7
A16: 8
A17: 9
A18: 10
A19: 11
A20: 12
... A23: 15

Sheet 9. Risk Assessment
A1: Doctorate-to-Bachelor's Ratio — Risk Assessment & Mitigation
A2: Risks specific to improving this ratio
A3: # | B3: Risk | C3: Level | D3: Impact | E3: Mitigation | F3: Owner
A4: 1 | B4: Insufficient PhD supervisors | C4: 🟡 Medium | D4: Cannot grow PhD intake; ratio stagnates | E4: Recruit faculty with PhD supervision experience; mentor junior faculty
A5: 2 | B5: PhD student attrition / dropout | C5: 🟡 Medium | D5: Enrolled FTE drops; completions fall; ratio worsens | E5: Stipends, mentoring, progress tracking, wellness support
A6: 3 | B6: Rapid UG growth outpacing PhD | C6: 🟡 Medium | D6: Denominator grows faster than numerator; ratio drops | E6: Cap UG growth; proportionally grow PhD intake
A7: 4 | B7: Weak research infrastructure for PhD | C7: 🟡 Medium | D7: Unattractive to PhD applicants; low intake | E7: Invest in labs, libraries, HPC, shared facilities
A8: 5 | B8: Miscounting MPhil as PhD students | C8: 🔴 High | D8: Inflated numerator; corrected during THE audit | E8: Strict registry classification; separate MPhil from PhD in database
A9: 6 | B9: Counting postdocs as PhD students | C9: 🔴 High | D9: Inflated numerator; audit failure | E9: Postdocs classified under staff FTE, never student FTE
A10: 7 | B10: Including diploma students in UG count | C10: 🔴 High | D10: Inflated denominator; ratio artificially depressed | E10: Exclude sub-degree students; verify registrar data
A11: 8 | B11: Financial constraints for PhD stipends | C11: 🟡 Medium | D11: Low PhD intake due to funding gaps | E11: Government fellowships, industry co-funded PhDs, CSR funding

Sheet 10. Data Quality Audit
A1: Doctorate-to-Bachelor's Ratio — Data Quality & Audit Checklist
A2: Validation checks for DBR data (2% of total WUR score)
A3: # | B3: Quality Check | C3: Description | D3: Status (✓/✗/IP) | E3: Date | F3: Reviewer
A4: 1 | B4: Doctoral student FTE definition | C4: Only PhD / doctoral students counted; MPhil (non-converting), postdocs, and research assistants excluded
A5: 2 | B5: Professional doctorate inclusion | C5: EdD, DBA, MD-PhD students included only if enrolled in research-based thesis programme
A6: 3 | B6: PhD student on leave exclusion | C6: Students on approved leave of absence excluded from FTE count during leave period
A7: 4 | B7: Part-time PhD FTE calculation | C7: Part-time PhD students at proportional FTE; method documented (e.g., 0.5 for half-time)
A8: 5 | B8: Bachelor's student FTE definition | C8: Only bachelor's degree-seeking students counted; diploma, certificate, audit students excluded
A9: 6 | B9: Integrated degree handling | C9: For BS-MS / dual degrees, only UG-phase years counted in bachelor's FTE
A10: 7 | B10: Part-time UG FTE calculation | C10: Part-time UG students at proportional FTE; consistent methodology applied
A11: 8 | B11: Distance / online student treatment | C11: Distance/online-only students included or excluded per current THE cycle guidelines
A12: 9 | B12: Exchange student exclusion | C12: Short-term non-degree exchange students (<1 semester) excluded from both numerator and denominator
A13: 10 | B13: Registrar data cross-reference | C13: Both PhD and UG FTE verified against official registrar enrollment records
A14: 11 | B14: Department-level reconciliation | C14: Sum of department-level FTEs equals university-level total for both PhD and UG
A15: 12 | B15: Ratio calculation verification | C15: PhD FTE ÷ UG FTE verified independently by 2 reviewers; result matches portal submission
... A23: 20 | B23: Reproducibility test | C23: Ratio independently reproducible from registrar records within ±2%
