Workbook

Sheet Methodology Overview
A1: THE World Reputation Rankings — Teaching Pairwise Comparison
A2: Methodology Reference (WRR 2025 Revamped Framework)
A4: # | B4: Pillar / Indicator | C4: Description | D4: Weight (Teaching) | E4: Weight (Research)
A5: 1 | B5: Vote Counts — Teaching | C5: Number of votes for teaching excellence from the Global Academic Reputation Survey (cumulative scoring function from 2025). Each respondent may nominate up to 15 institutions for teaching in their field. | D5: 20% | E5: —
A6: 2 | B6: Pairwise Comparison — Teaching | C6: Respondents order 5 pre-selected universities from 1 to 5 for TEACHING quality; builds a mini-ranking that feeds a pairwise hierarchy algorithm | D6: 10% | E6: —
A7: 3 | B7: Voter Diversity — Teaching | C7: Entropy-based measure rewarding institutions with teaching votes from a wide range of countries/territories and subject areas | D7: 3.33% | E7: —
A8: 4 | B8: Vote Counts — Research | C8: Research pillar companion metric (shown for reference) | D8: — | E8: 40%
A9: 5 | B9: Pairwise Comparison — Research | C9: Research pillar companion metric (shown for reference) | D9: — | E9: 20%
A10: 6 | B10: Voter Diversity — Research | C10: Research pillar companion metric (shown for reference) | D10: — | E10: 6.67%
A12: Key Facts About the Teaching Pairwise Comparison
A13: • Research:Teaching weighting = 2:1 — Teaching pillar carries ONE-THIRD of total WRR weight.
A14: • Rationale for lower weight: THE's expert advisers report lower confidence in respondents' ability to judge teaching quality externally (compared to research).
A15: • Each respondent is shown 5 pre-selected universities based on their discipline/region.
A16: • Respondent must rank the 5 universities from 1 (best) to 5 (least preferred) for TEACHING excellence.
A17: • Teaching pairwise uses the same hierarchy algorithm as research, but produces an independent score.
A18: • Final scoring passes through a normal scoring function yielding a 0–100 teaching score.
A19: • Pairwise comparison counters 'super-brand' dominance by forcing comparison with mid-tier universities.
A20: • Teaching reputation signals also feed into the main World University Rankings (15% of Teaching pillar).
A21: • Global Academic Reputation Survey is available in 13 languages (2025 cycle).
A22: • 2025 WRR ranks 300 institutions from 38 countries using balanced global spread of respondents.
A23: • Self-votes on teaching are diluted; VPRI (Vote-Per-Respondent-Index) capped where thresholds exceeded.
A24: • Respondent diversity uses entropy on country × subject-area combinations for each institution.

Sheet 1. Respondent Profile
A1: Respondent Profile — Teaching Pairwise Survey Data Collection
A2: Captures demographic & academic profile of each invited, published scholar responding on TEACHING
A3: Resp. ID | B3: Survey Wave | C3: Invitation Date | D3: Country / Territory | E3: Primary Subject Area | F3: Secondary Subject Area | G3: Teaching Role / Seniority | H3: Years Teaching Experience | I3: Supervised PG/PhD (Y/N) | J3: Home Institution | K3: Response Language | L3: Teaching Section Completed (Y/N)
A4: RT-0001
A5: RT-0002
A6: RT-0003
A7: RT-0004
A8: RT-0005
A9: RT-0006
A10: RT-0007
A11: RT-0008
A12: RT-0009
A13: RT-0010
A14: RT-0011
A15: RT-0012
... A45: Validation Checks
A46: Total Invited Respondents | G46: =COUNTA(A4:A43) -> 40
A47: Total Completed (Teaching Section) | G47: =COUNTIF(L4:L43,"Y") -> 0
A48: Teaching Section Completion Rate (%) | G48: =IF(COUNTA(A4:A43)>0,COUNTIF(L4:L43,"Y")/COUNTA(A4:A43)*100,0) -> 0
A49: Respondents Who Supervise PG/PhD | G49: =COUNTIF(I4:I43,"Y") -> 0
A50: Unique Countries/Territories | G50: =SUMPRODUCT((D4:D43<>"")/COUNTIF(D4:D43,D4:D43&"")) -> 0
A51: Unique Subject Areas | G51: =SUMPRODUCT((E4:E43<>"")/COUNTIF(E4:E43,E4:E43&"")) -> 0

Sheet 2. Pre-Selected Pool
A1: Pre-Selected Universities Pool for Teaching Pairwise Comparison
A2: Pool of 5 universities pre-selected per respondent based on their discipline & region (teaching pillar)
A3: S.No. | B3: University Name | C3: Country | D3: Subject Area / Discipline | E3: Prior Year Teaching Rank | F3: Current Pool Bucket | G3: Super-Brand (Y/N) | H3: Times Presented | I3: Avg Teaching Rank Received | J3: Median Rank | K3: Included in Pool (Y/N) | L3: Notes
A4: 1 | I4: =IFERROR(AVERAGEIF('3. Pairwise Rankings'!B:B,B4,'3. Pairwise Rankings'!G:G),"") | J4: =IFERROR(AVERAGEIF('3. Pairwise Rankings'!B:B,B4,'3. Pairwise Rankings'!G:G),"")
A5: 2 | I5: =IFERROR(AVERAGEIF('3. Pairwise Rankings'!B:B,B5,'3. Pairwise Rankings'!G:G),"") | J5: =IFERROR(AVERAGEIF('3. Pairwise Rankings'!B:B,B5,'3. Pairwise Rankings'!G:G),"")
A6: 3 | I6: =IFERROR(AVERAGEIF('3. Pairwise Rankings'!B:B,B6,'3. Pairwise Rankings'!G:G),"") | J6: =IFERROR(AVERAGEIF('3. Pairwise Rankings'!B:B,B6,'3. Pairwise Rankings'!G:G),"")
A7: 4 | I7: =IFERROR(AVERAGEIF('3. Pairwise Rankings'!B:B,B7,'3. Pairwise Rankings'!G:G),"") | J7: =IFERROR(AVERAGEIF('3. Pairwise Rankings'!B:B,B7,'3. Pairwise Rankings'!G:G),"")
A8: 5 | I8: =IFERROR(AVERAGEIF('3. Pairwise Rankings'!B:B,B8,'3. Pairwise Rankings'!G:G),"") | J8: =IFERROR(AVERAGEIF('3. Pairwise Rankings'!B:B,B8,'3. Pairwise Rankings'!G:G),"")
A9: 6 | I9: =IFERROR(AVERAGEIF('3. Pairwise Rankings'!B:B,B9,'3. Pairwise Rankings'!G:G),"") | J9: =IFERROR(AVERAGEIF('3. Pairwise Rankings'!B:B,B9,'3. Pairwise Rankings'!G:G),"")
A10: 7 | I10: =IFERROR(AVERAGEIF('3. Pairwise Rankings'!B:B,B10,'3. Pairwise Rankings'!G:G),"") | J10: =IFERROR(AVERAGEIF('3. Pairwise Rankings'!B:B,B10,'3. Pairwise Rankings'!G:G),"")
A11: 8 | I11: =IFERROR(AVERAGEIF('3. Pairwise Rankings'!B:B,B11,'3. Pairwise Rankings'!G:G),"") | J11: =IFERROR(AVERAGEIF('3. Pairwise Rankings'!B:B,B11,'3. Pairwise Rankings'!G:G),"")
A12: 9 | I12: =IFERROR(AVERAGEIF('3. Pairwise Rankings'!B:B,B12,'3. Pairwise Rankings'!G:G),"") | J12: =IFERROR(AVERAGEIF('3. Pairwise Rankings'!B:B,B12,'3. Pairwise Rankings'!G:G),"")
A13: 10 | I13: =IFERROR(AVERAGEIF('3. Pairwise Rankings'!B:B,B13,'3. Pairwise Rankings'!G:G),"") | J13: =IFERROR(AVERAGEIF('3. Pairwise Rankings'!B:B,B13,'3. Pairwise Rankings'!G:G),"")
A14: 11 | I14: =IFERROR(AVERAGEIF('3. Pairwise Rankings'!B:B,B14,'3. Pairwise Rankings'!G:G),"") | J14: =IFERROR(AVERAGEIF('3. Pairwise Rankings'!B:B,B14,'3. Pairwise Rankings'!G:G),"")
A15: 12 | I15: =IFERROR(AVERAGEIF('3. Pairwise Rankings'!B:B,B15,'3. Pairwise Rankings'!G:G),"") | J15: =IFERROR(AVERAGEIF('3. Pairwise Rankings'!B:B,B15,'3. Pairwise Rankings'!G:G),"")
... A33: 30 | I33: =IFERROR(AVERAGEIF('3. Pairwise Rankings'!B:B,B33,'3. Pairwise Rankings'!G:G),"") | J33: =IFERROR(AVERAGEIF('3. Pairwise Rankings'!B:B,B33,'3. Pairwise Rankings'!G:G),"")

Sheet 3. Pairwise Rankings
A1: Pairwise Comparison — Teaching Rankings (Raw Response Data)
A2: Each respondent ranks 5 pre-selected universities from 1 (best) to 5 (least) for TEACHING quality
A3: Entry ID | B3: University Name | C3: Respondent ID | D3: Respondent Country | E3: Respondent Subject | F3: Bundle ID | G3: Teaching Rank Assigned (1–5) | H3: Inverse Score (6–Rank) | I3: Justification / Teaching Criterion | J3: Response Date | K3: Excluded (Y/N)
A4: PT-00001 | H4: =IFERROR(6-G4,"") -> 6
A5: PT-00002 | H5: =IFERROR(6-G5,"") -> 6
A6: PT-00003 | H6: =IFERROR(6-G6,"") -> 6
A7: PT-00004 | H7: =IFERROR(6-G7,"") -> 6
A8: PT-00005 | H8: =IFERROR(6-G8,"") -> 6
A9: PT-00006 | H9: =IFERROR(6-G9,"") -> 6
A10: PT-00007 | H10: =IFERROR(6-G10,"") -> 6
A11: PT-00008 | H11: =IFERROR(6-G11,"") -> 6
A12: PT-00009 | H12: =IFERROR(6-G12,"") -> 6
A13: PT-00010 | H13: =IFERROR(6-G13,"") -> 6
A14: PT-00011 | H14: =IFERROR(6-G14,"") -> 6
A15: PT-00012 | H15: =IFERROR(6-G15,"") -> 6
... A103: PT-00100 | H103: =IFERROR(6-G103,"") -> 6

Sheet 4. Teaching Criteria
A1: Teaching Quality Criteria — Evaluation Framework for Respondents
A2: Teaching quality dimensions respondents should consider when ranking the 5 universities
A3: # | B3: Teaching Criterion | C3: Description / Respondent Guidance | D3: Weight (Implicit) | E3: Reference Source
A4: 1 | B4: Learning environment quality | C4: Overall quality of the teaching & learning ecosystem — classrooms, labs, libraries, online platforms | D4: High | E4: THE Teaching pillar
A5: 2 | B5: Staff-to-student ratio | C5: Extent to which the institution provides personal attention and mentorship | D5: Medium | E5: THE WUR indicator
A6: 3 | B6: Doctoral / Bachelor ratio | C6: Commitment to postgraduate research training and advanced-level teaching | D6: Medium | E6: THE WUR indicator
A7: 4 | B7: Doctorates awarded per academic staff | C7: Productivity and depth of PhD supervision | D7: Medium | E7: THE WUR indicator
A8: 5 | B8: Pedagogical innovation | C8: Evidence of teaching innovation, blended/online learning, curriculum design | D8: High | E8: Academic perception
A9: 6 | B9: Employability of graduates | C9: Graduate outcomes, industry readiness, employer reputation | D9: Medium | E9: Academic perception
A10: 7 | B10: International teaching exposure | C10: Opportunities for students to engage with international faculty/peers | D10: Low-Medium | E10: THE International Outlook
A11: 8 | B11: Quality of curriculum | C11: Rigour, currency, and relevance of programmes in respondent's field | D11: High | E11: Academic perception
A12: 9 | B12: Teaching awards & recognition | C12: Institutional recognition by teaching excellence bodies | D12: Low | E12: External bodies
A13: 10 | B13: Alumni success / reputation | C13: Success of graduates in academic, industry, policy, or public life | D13: Medium | E13: Alumni surveys
A14: 11 | B14: Student satisfaction / feedback | C14: Reported student satisfaction with teaching quality | D14: Medium | E14: NSS, alumni surveys
A15: 12 | B15: Accessibility & inclusivity | C15: Inclusive teaching practices, scholarships, accessibility features | D15: Low-Medium | E15: Institutional reporting

Sheet 5. Pairwise Matrix
A1: Teaching Pairwise Win-Loss Matrix (Head-to-Head Comparisons)
A2: Cell (i,j) = number of times University i was ranked HIGHER than University j for TEACHING across all bundles
A4: University ↓ vs. → | B4: Univ 1 | C4: Univ 2 | D4: Univ 3 | E4: Univ 4 | F4: Univ 5 | G4: Univ 6 | H4: Univ 7 | I4: Univ 8 | J4: Univ 9 | K4: Univ 10 | L4: Univ 11 | M4: Univ 12 | N4: Univ 13 | O4: Univ 14 | P4: Univ 15 | Q4: Total Wins | R4: Win Rate (%)
A5: Univ 1 | B5: — | Q5: =SUM(B5:P5) -> 0 | R5: =IFERROR(Q5/(COUNT(B5:P5)*14)*100,0) -> 0
A6: Univ 2 | C6: — | Q6: =SUM(B6:P6) -> 0 | R6: =IFERROR(Q6/(COUNT(B6:P6)*14)*100,0) -> 0
A7: Univ 3 | D7: — | Q7: =SUM(B7:P7) -> 0 | R7: =IFERROR(Q7/(COUNT(B7:P7)*14)*100,0) -> 0
A8: Univ 4 | E8: — | Q8: =SUM(B8:P8) -> 0 | R8: =IFERROR(Q8/(COUNT(B8:P8)*14)*100,0) -> 0
A9: Univ 5 | F9: — | Q9: =SUM(B9:P9) -> 0 | R9: =IFERROR(Q9/(COUNT(B9:P9)*14)*100,0) -> 0
A10: Univ 6 | G10: — | Q10: =SUM(B10:P10) -> 0 | R10: =IFERROR(Q10/(COUNT(B10:P10)*14)*100,0) -> 0
A11: Univ 7 | H11: — | Q11: =SUM(B11:P11) -> 0 | R11: =IFERROR(Q11/(COUNT(B11:P11)*14)*100,0) -> 0
A12: Univ 8 | I12: — | Q12: =SUM(B12:P12) -> 0 | R12: =IFERROR(Q12/(COUNT(B12:P12)*14)*100,0) -> 0
A13: Univ 9 | J13: — | Q13: =SUM(B13:P13) -> 0 | R13: =IFERROR(Q13/(COUNT(B13:P13)*14)*100,0) -> 0
A14: Univ 10 | K14: — | Q14: =SUM(B14:P14) -> 0 | R14: =IFERROR(Q14/(COUNT(B14:P14)*14)*100,0) -> 0
A15: Univ 11 | L15: — | Q15: =SUM(B15:P15) -> 0 | R15: =IFERROR(Q15/(COUNT(B15:P15)*14)*100,0) -> 0
A16: Univ 12 | M16: — | Q16: =SUM(B16:P16) -> 0 | R16: =IFERROR(Q16/(COUNT(B16:P16)*14)*100,0) -> 0
A17: Univ 13 | N17: — | Q17: =SUM(B17:P17) -> 0 | R17: =IFERROR(Q17/(COUNT(B17:P17)*14)*100,0) -> 0
A18: Univ 14 | O18: — | Q18: =SUM(B18:P18) -> 0 | R18: =IFERROR(Q18/(COUNT(B18:P18)*14)*100,0) -> 0
A19: Univ 15 | P19: — | Q19: =SUM(B19:P19) -> 0 | R19: =IFERROR(Q19/(COUNT(B19:P19)*14)*100,0) -> 0

Sheet 6. Pairwise Scoring
A1: Teaching Pairwise Score Calculation (0–100 Normalized)
A2: Aggregates teaching pairwise data into Z-scored / normalized score per THE methodology (exponential component)
A3: S.No. | B3: University Name | C3: Total Bundles | D3: Total Wins (Rank 1-2) | E3: Total Losses (Rank 4-5) | F3: Win Rate (%) | G3: Sum Inverse Scores | H3: Avg Teaching Rank | I3: Raw Pairwise Score | J3: Z-Score | K3: Normalized Teaching Score (0–100)
A4: 1 | C4: =IFERROR(COUNTIF('3. Pairwise Rankings'!B:B,B4),0) -> 0 | D4: =IFERROR(COUNTIFS('3. Pairwise Rankings'!B:B,B4,'3. Pairwise Rankings'!G:G,"<=2"),0) -> 0 | E4: =IFERROR(COUNTIFS('3. Pairwise Rankings'!B:B,B4,'3. Pairwise Rankings'!G:G,">=4"),0) -> 0 | F4: =IF(C4>0,D4/C4*100,0) -> 0 | G4: =IFERROR(SUMIF('3. Pairwise Rankings'!B:B,B4,'3. Pairwise Rankings'!H:H),0) -> 0 | H4: =IFERROR(AVERAGEIF('3. Pairwise Rankings'!B:B,B4,'3. Pairwise Rankings'!G:G),0) -> 0 | I4: =IF(C4>0,G4/C4,0) -> 0 | J4: =IFERROR((I4-AVERAGE($I$4:$I$33))/STDEV($I$4:$I$33),0) -> 0 | K4: =IFERROR(IF(MAX($I$4:$I$33)-MIN($I$4:$I$33)>0,(I4-MIN($I$4:$I$33))/(MAX($I$4:$I$33)-MIN($I$4:$I$33))*100,0),0) -> 0
A5: 2 | C5: =IFERROR(COUNTIF('3. Pairwise Rankings'!B:B,B5),0) -> 0 | D5: =IFERROR(COUNTIFS('3. Pairwise Rankings'!B:B,B5,'3. Pairwise Rankings'!G:G,"<=2"),0) -> 0 | E5: =IFERROR(COUNTIFS('3. Pairwise Rankings'!B:B,B5,'3. Pairwise Rankings'!G:G,">=4"),0) -> 0 | F5: =IF(C5>0,D5/C5*100,0) -> 0 | G5: =IFERROR(SUMIF('3. Pairwise Rankings'!B:B,B5,'3. Pairwise Rankings'!H:H),0) -> 0 | H5: =IFERROR(AVERAGEIF('3. Pairwise Rankings'!B:B,B5,'3. Pairwise Rankings'!G:G),0) -> 0 | I5: =IF(C5>0,G5/C5,0) -> 0 | J5: =IFERROR((I5-AVERAGE($I$4:$I$33))/STDEV($I$4:$I$33),0) -> 0 | K5: =IFERROR(IF(MAX($I$4:$I$33)-MIN($I$4:$I$33)>0,(I5-MIN($I$4:$I$33))/(MAX($I$4:$I$33)-MIN($I$4:$I$33))*100,0),0) -> 0
A6: 3 | C6: =IFERROR(COUNTIF('3. Pairwise Rankings'!B:B,B6),0) -> 0 | D6: =IFERROR(COUNTIFS('3. Pairwise Rankings'!B:B,B6,'3. Pairwise Rankings'!G:G,"<=2"),0) -> 0 | E6: =IFERROR(COUNTIFS('3. Pairwise Rankings'!B:B,B6,'3. Pairwise Rankings'!G:G,">=4"),0) -> 0 | F6: =IF(C6>0,D6/C6*100,0) -> 0 | G6: =IFERROR(SUMIF('3. Pairwise Rankings'!B:B,B6,'3. Pairwise Rankings'!H:H),0) -> 0 | H6: =IFERROR(AVERAGEIF('3. Pairwise Rankings'!B:B,B6,'3. Pairwise Rankings'!G:G),0) -> 0 | I6: =IF(C6>0,G6/C6,0) -> 0 | J6: =IFERROR((I6-AVERAGE($I$4:$I$33))/STDEV($I$4:$I$33),0) -> 0 | K6: =IFERROR(IF(MAX($I$4:$I$33)-MIN($I$4:$I$33)>0,(I6-MIN($I$4:$I$33))/(MAX($I$4:$I$33)-MIN($I$4:$I$33))*100,0),0) -> 0
A7: 4 | C7: =IFERROR(COUNTIF('3. Pairwise Rankings'!B:B,B7),0) -> 0 | D7: =IFERROR(COUNTIFS('3. Pairwise Rankings'!B:B,B7,'3. Pairwise Rankings'!G:G,"<=2"),0) -> 0 | E7: =IFERROR(COUNTIFS('3. Pairwise Rankings'!B:B,B7,'3. Pairwise Rankings'!G:G,">=4"),0) -> 0 | F7: =IF(C7>0,D7/C7*100,0) -> 0 | G7: =IFERROR(SUMIF('3. Pairwise Rankings'!B:B,B7,'3. Pairwise Rankings'!H:H),0) -> 0 | H7: =IFERROR(AVERAGEIF('3. Pairwise Rankings'!B:B,B7,'3. Pairwise Rankings'!G:G),0) -> 0 | I7: =IF(C7>0,G7/C7,0) -> 0 | J7: =IFERROR((I7-AVERAGE($I$4:$I$33))/STDEV($I$4:$I$33),0) -> 0 | K7: =IFERROR(IF(MAX($I$4:$I$33)-MIN($I$4:$I$33)>0,(I7-MIN($I$4:$I$33))/(MAX($I$4:$I$33)-MIN($I$4:$I$33))*100,0),0) -> 0
A8: 5 | C8: =IFERROR(COUNTIF('3. Pairwise Rankings'!B:B,B8),0) -> 0 | D8: =IFERROR(COUNTIFS('3. Pairwise Rankings'!B:B,B8,'3. Pairwise Rankings'!G:G,"<=2"),0) -> 0 | E8: =IFERROR(COUNTIFS('3. Pairwise Rankings'!B:B,B8,'3. Pairwise Rankings'!G:G,">=4"),0) -> 0 | F8: =IF(C8>0,D8/C8*100,0) -> 0 | G8: =IFERROR(SUMIF('3. Pairwise Rankings'!B:B,B8,'3. Pairwise Rankings'!H:H),0) -> 0 | H8: =IFERROR(AVERAGEIF('3. Pairwise Rankings'!B:B,B8,'3. Pairwise Rankings'!G:G),0) -> 0 | I8: =IF(C8>0,G8/C8,0) -> 0 | J8: =IFERROR((I8-AVERAGE($I$4:$I$33))/STDEV($I$4:$I$33),0) -> 0 | K8: =IFERROR(IF(MAX($I$4:$I$33)-MIN($I$4:$I$33)>0,(I8-MIN($I$4:$I$33))/(MAX($I$4:$I$33)-MIN($I$4:$I$33))*100,0),0) -> 0
A9: 6 | C9: =IFERROR(COUNTIF('3. Pairwise Rankings'!B:B,B9),0) -> 0 | D9: =IFERROR(COUNTIFS('3. Pairwise Rankings'!B:B,B9,'3. Pairwise Rankings'!G:G,"<=2"),0) -> 0 | E9: =IFERROR(COUNTIFS('3. Pairwise Rankings'!B:B,B9,'3. Pairwise Rankings'!G:G,">=4"),0) -> 0 | F9: =IF(C9>0,D9/C9*100,0) -> 0 | G9: =IFERROR(SUMIF('3. Pairwise Rankings'!B:B,B9,'3. Pairwise Rankings'!H:H),0) -> 0 | H9: =IFERROR(AVERAGEIF('3. Pairwise Rankings'!B:B,B9,'3. Pairwise Rankings'!G:G),0) -> 0 | I9: =IF(C9>0,G9/C9,0) -> 0 | J9: =IFERROR((I9-AVERAGE($I$4:$I$33))/STDEV($I$4:$I$33),0) -> 0 | K9: =IFERROR(IF(MAX($I$4:$I$33)-MIN($I$4:$I$33)>0,(I9-MIN($I$4:$I$33))/(MAX($I$4:$I$33)-MIN($I$4:$I$33))*100,0),0) -> 0
A10: 7 | C10: =IFERROR(COUNTIF('3. Pairwise Rankings'!B:B,B10),0) -> 0 | D10: =IFERROR(COUNTIFS('3. Pairwise Rankings'!B:B,B10,'3. Pairwise Rankings'!G:G,"<=2"),0) -> 0 | E10: =IFERROR(COUNTIFS('3. Pairwise Rankings'!B:B,B10,'3. Pairwise Rankings'!G:G,">=4"),0) -> 0 | F10: =IF(C10>0,D10/C10*100,0) -> 0 | G10: =IFERROR(SUMIF('3. Pairwise Rankings'!B:B,B10,'3. Pairwise Rankings'!H:H),0) -> 0 | H10: =IFERROR(AVERAGEIF('3. Pairwise Rankings'!B:B,B10,'3. Pairwise Rankings'!G:G),0) -> 0 | I10: =IF(C10>0,G10/C10,0) -> 0 | J10: =IFERROR((I10-AVERAGE($I$4:$I$33))/STDEV($I$4:$I$33),0) -> 0 | K10: =IFERROR(IF(MAX($I$4:$I$33)-MIN($I$4:$I$33)>0,(I10-MIN($I$4:$I$33))/(MAX($I$4:$I$33)-MIN($I$4:$I$33))*100,0),0) -> 0
A11: 8 | C11: =IFERROR(COUNTIF('3. Pairwise Rankings'!B:B,B11),0) -> 0 | D11: =IFERROR(COUNTIFS('3. Pairwise Rankings'!B:B,B11,'3. Pairwise Rankings'!G:G,"<=2"),0) -> 0 | E11: =IFERROR(COUNTIFS('3. Pairwise Rankings'!B:B,B11,'3. Pairwise Rankings'!G:G,">=4"),0) -> 0 | F11: =IF(C11>0,D11/C11*100,0) -> 0 | G11: =IFERROR(SUMIF('3. Pairwise Rankings'!B:B,B11,'3. Pairwise Rankings'!H:H),0) -> 0 | H11: =IFERROR(AVERAGEIF('3. Pairwise Rankings'!B:B,B11,'3. Pairwise Rankings'!G:G),0) -> 0 | I11: =IF(C11>0,G11/C11,0) -> 0 | J11: =IFERROR((I11-AVERAGE($I$4:$I$33))/STDEV($I$4:$I$33),0) -> 0 | K11: =IFERROR(IF(MAX($I$4:$I$33)-MIN($I$4:$I$33)>0,(I11-MIN($I$4:$I$33))/(MAX($I$4:$I$33)-MIN($I$4:$I$33))*100,0),0) -> 0
A12: 9 | C12: =IFERROR(COUNTIF('3. Pairwise Rankings'!B:B,B12),0) -> 0 | D12: =IFERROR(COUNTIFS('3. Pairwise Rankings'!B:B,B12,'3. Pairwise Rankings'!G:G,"<=2"),0) -> 0 | E12: =IFERROR(COUNTIFS('3. Pairwise Rankings'!B:B,B12,'3. Pairwise Rankings'!G:G,">=4"),0) -> 0 | F12: =IF(C12>0,D12/C12*100,0) -> 0 | G12: =IFERROR(SUMIF('3. Pairwise Rankings'!B:B,B12,'3. Pairwise Rankings'!H:H),0) -> 0 | H12: =IFERROR(AVERAGEIF('3. Pairwise Rankings'!B:B,B12,'3. Pairwise Rankings'!G:G),0) -> 0 | I12: =IF(C12>0,G12/C12,0) -> 0 | J12: =IFERROR((I12-AVERAGE($I$4:$I$33))/STDEV($I$4:$I$33),0) -> 0 | K12: =IFERROR(IF(MAX($I$4:$I$33)-MIN($I$4:$I$33)>0,(I12-MIN($I$4:$I$33))/(MAX($I$4:$I$33)-MIN($I$4:$I$33))*100,0),0) -> 0
A13: 10 | C13: =IFERROR(COUNTIF('3. Pairwise Rankings'!B:B,B13),0) -> 0 | D13: =IFERROR(COUNTIFS('3. Pairwise Rankings'!B:B,B13,'3. Pairwise Rankings'!G:G,"<=2"),0) -> 0 | E13: =IFERROR(COUNTIFS('3. Pairwise Rankings'!B:B,B13,'3. Pairwise Rankings'!G:G,">=4"),0) -> 0 | F13: =IF(C13>0,D13/C13*100,0) -> 0 | G13: =IFERROR(SUMIF('3. Pairwise Rankings'!B:B,B13,'3. Pairwise Rankings'!H:H),0) -> 0 | H13: =IFERROR(AVERAGEIF('3. Pairwise Rankings'!B:B,B13,'3. Pairwise Rankings'!G:G),0) -> 0 | I13: =IF(C13>0,G13/C13,0) -> 0 | J13: =IFERROR((I13-AVERAGE($I$4:$I$33))/STDEV($I$4:$I$33),0) -> 0 | K13: =IFERROR(IF(MAX($I$4:$I$33)-MIN($I$4:$I$33)>0,(I13-MIN($I$4:$I$33))/(MAX($I$4:$I$33)-MIN($I$4:$I$33))*100,0),0) -> 0
A14: 11 | C14: =IFERROR(COUNTIF('3. Pairwise Rankings'!B:B,B14),0) -> 0 | D14: =IFERROR(COUNTIFS('3. Pairwise Rankings'!B:B,B14,'3. Pairwise Rankings'!G:G,"<=2"),0) -> 0 | E14: =IFERROR(COUNTIFS('3. Pairwise Rankings'!B:B,B14,'3. Pairwise Rankings'!G:G,">=4"),0) -> 0 | F14: =IF(C14>0,D14/C14*100,0) -> 0 | G14: =IFERROR(SUMIF('3. Pairwise Rankings'!B:B,B14,'3. Pairwise Rankings'!H:H),0) -> 0 | H14: =IFERROR(AVERAGEIF('3. Pairwise Rankings'!B:B,B14,'3. Pairwise Rankings'!G:G),0) -> 0 | I14: =IF(C14>0,G14/C14,0) -> 0 | J14: =IFERROR((I14-AVERAGE($I$4:$I$33))/STDEV($I$4:$I$33),0) -> 0 | K14: =IFERROR(IF(MAX($I$4:$I$33)-MIN($I$4:$I$33)>0,(I14-MIN($I$4:$I$33))/(MAX($I$4:$I$33)-MIN($I$4:$I$33))*100,0),0) -> 0
A15: 12 | C15: =IFERROR(COUNTIF('3. Pairwise Rankings'!B:B,B15),0) -> 0 | D15: =IFERROR(COUNTIFS('3. Pairwise Rankings'!B:B,B15,'3. Pairwise Rankings'!G:G,"<=2"),0) -> 0 | E15: =IFERROR(COUNTIFS('3. Pairwise Rankings'!B:B,B15,'3. Pairwise Rankings'!G:G,">=4"),0) -> 0 | F15: =IF(C15>0,D15/C15*100,0) -> 0 | G15: =IFERROR(SUMIF('3. Pairwise Rankings'!B:B,B15,'3. Pairwise Rankings'!H:H),0) -> 0 | H15: =IFERROR(AVERAGEIF('3. Pairwise Rankings'!B:B,B15,'3. Pairwise Rankings'!G:G),0) -> 0 | I15: =IF(C15>0,G15/C15,0) -> 0 | J15: =IFERROR((I15-AVERAGE($I$4:$I$33))/STDEV($I$4:$I$33),0) -> 0 | K15: =IFERROR(IF(MAX($I$4:$I$33)-MIN($I$4:$I$33)>0,(I15-MIN($I$4:$I$33))/(MAX($I$4:$I$33)-MIN($I$4:$I$33))*100,0),0) -> 0
... A33: 30 | C33: =IFERROR(COUNTIF('3. Pairwise Rankings'!B:B,B33),0) -> 0 | D33: =IFERROR(COUNTIFS('3. Pairwise Rankings'!B:B,B33,'3. Pairwise Rankings'!G:G,"<=2"),0) -> 0 | E33: =IFERROR(COUNTIFS('3. Pairwise Rankings'!B:B,B33,'3. Pairwise Rankings'!G:G,">=4"),0) -> 0 | F33: =IF(C33>0,D33/C33*100,0) -> 0 | G33: =IFERROR(SUMIF('3. Pairwise Rankings'!B:B,B33,'3. Pairwise Rankings'!H:H),0) -> 0 | H33: =IFERROR(AVERAGEIF('3. Pairwise Rankings'!B:B,B33,'3. Pairwise Rankings'!G:G),0) -> 0 | I33: =IF(C33>0,G33/C33,0) -> 0 | J33: =IFERROR((I33-AVERAGE($I$4:$I$33))/STDEV($I$4:$I$33),0) -> 0 | K33: =IFERROR(IF(MAX($I$4:$I$33)-MIN($I$4:$I$33)>0,(I33-MIN($I$4:$I$33))/(MAX($I$4:$I$33)-MIN($I$4:$I$33))*100,0),0) -> 0

Sheet 7. Voter Diversity
A1: Voter Diversity — Teaching (Entropy Calculation)
A2: Entropy of country × subject-area distribution for teaching votes — broader base = more robust teaching reputation
A3: S.No. | B3: University Name | C3: Total Teaching Votes | D3: Unique Countries | E3: Unique Subjects | F3: Unique Country×Subject Pairs | G3: Entropy Score (H) | H3: Diversity Score (0–100) | I3: Notes
A4: 1 | H4: =IFERROR(IF(MAX($G$4:$G$33)>0,G4/MAX($G$4:$G$33)*100,0),0) -> 0
A5: 2 | H5: =IFERROR(IF(MAX($G$4:$G$33)>0,G5/MAX($G$4:$G$33)*100,0),0) -> 0
A6: 3 | H6: =IFERROR(IF(MAX($G$4:$G$33)>0,G6/MAX($G$4:$G$33)*100,0),0) -> 0
A7: 4 | H7: =IFERROR(IF(MAX($G$4:$G$33)>0,G7/MAX($G$4:$G$33)*100,0),0) -> 0
A8: 5 | H8: =IFERROR(IF(MAX($G$4:$G$33)>0,G8/MAX($G$4:$G$33)*100,0),0) -> 0
A9: 6 | H9: =IFERROR(IF(MAX($G$4:$G$33)>0,G9/MAX($G$4:$G$33)*100,0),0) -> 0
A10: 7 | H10: =IFERROR(IF(MAX($G$4:$G$33)>0,G10/MAX($G$4:$G$33)*100,0),0) -> 0
A11: 8 | H11: =IFERROR(IF(MAX($G$4:$G$33)>0,G11/MAX($G$4:$G$33)*100,0),0) -> 0
A12: 9 | H12: =IFERROR(IF(MAX($G$4:$G$33)>0,G12/MAX($G$4:$G$33)*100,0),0) -> 0
A13: 10 | H13: =IFERROR(IF(MAX($G$4:$G$33)>0,G13/MAX($G$4:$G$33)*100,0),0) -> 0
A14: 11 | H14: =IFERROR(IF(MAX($G$4:$G$33)>0,G14/MAX($G$4:$G$33)*100,0),0) -> 0
A15: 12 | H15: =IFERROR(IF(MAX($G$4:$G$33)>0,G15/MAX($G$4:$G$33)*100,0),0) -> 0
... A33: 30 | H33: =IFERROR(IF(MAX($G$4:$G$33)>0,G33/MAX($G$4:$G$33)*100,0),0) -> 0
A35: Entropy Formula Reference
A36: H = − Σ pᵢ × log(pᵢ) where pᵢ = proportion of teaching votes from country-subject bucket i. Higher H = more diverse respondent base.

Sheet 8. Vote Counts
A1: Vote Counts — Teaching (Nominations from Academic Reputation Survey)
A2: Respondents nominate up to 15 institutions for TEACHING excellence | 2025: cumulative scoring function applied
A3: S.No. | B3: University Name | C3: Teaching Votes (Raw) | D3: Research Votes (Raw) | E3: Self-Vote Dilution Applied (Y/N) | F3: VPRI Capped (Y/N) | G3: Adjusted Votes (Teaching) | H3: Cumulative Score | I3: Final Teaching Vote-Count Score (0–100)
A4: 1 | I4: =IFERROR(IF(MAX($G$4:$G$33)>0,G4/MAX($G$4:$G$33)*100,0),0) -> 0
A5: 2 | I5: =IFERROR(IF(MAX($G$4:$G$33)>0,G5/MAX($G$4:$G$33)*100,0),0) -> 0
A6: 3 | I6: =IFERROR(IF(MAX($G$4:$G$33)>0,G6/MAX($G$4:$G$33)*100,0),0) -> 0
A7: 4 | I7: =IFERROR(IF(MAX($G$4:$G$33)>0,G7/MAX($G$4:$G$33)*100,0),0) -> 0
A8: 5 | I8: =IFERROR(IF(MAX($G$4:$G$33)>0,G8/MAX($G$4:$G$33)*100,0),0) -> 0
A9: 6 | I9: =IFERROR(IF(MAX($G$4:$G$33)>0,G9/MAX($G$4:$G$33)*100,0),0) -> 0
A10: 7 | I10: =IFERROR(IF(MAX($G$4:$G$33)>0,G10/MAX($G$4:$G$33)*100,0),0) -> 0
A11: 8 | I11: =IFERROR(IF(MAX($G$4:$G$33)>0,G11/MAX($G$4:$G$33)*100,0),0) -> 0
A12: 9 | I12: =IFERROR(IF(MAX($G$4:$G$33)>0,G12/MAX($G$4:$G$33)*100,0),0) -> 0
A13: 10 | I13: =IFERROR(IF(MAX($G$4:$G$33)>0,G13/MAX($G$4:$G$33)*100,0),0) -> 0
A14: 11 | I14: =IFERROR(IF(MAX($G$4:$G$33)>0,G14/MAX($G$4:$G$33)*100,0),0) -> 0
A15: 12 | I15: =IFERROR(IF(MAX($G$4:$G$33)>0,G15/MAX($G$4:$G$33)*100,0),0) -> 0
... A33: 30 | I33: =IFERROR(IF(MAX($G$4:$G$33)>0,G33/MAX($G$4:$G$33)*100,0),0) -> 0

Sheet 9. Composite Score
A1: Final Teaching Reputation Score — Composite of 3 Pillars
A2: Teaching Score = (Vote Counts × 60%) + (Pairwise Comparison × 30%) + (Voter Diversity × 10%) [illustrative weights]
A3: S.No. | B3: University Name | C3: Vote Count Score (A) | D3: Pairwise Score (B) | E3: Diversity Score (C) | F3: Composite Teaching Score | G3: Global Teaching Rank | H3: Notes
B4: Weights → | C4: 0.6 | D4: 0.3 | E4: 0.1
A5: 1 | C5: ='8. Vote Counts'!I4 -> 0 | D5: ='6. Pairwise Scoring'!K4 -> 0 | E5: ='7. Voter Diversity'!H4 -> 0 | F5: =C5*$C$4+D5*$D$4+E5*$E$4 -> 0 | G5: =IFERROR(RANK(F5,$F$5:$F$34,0),"") -> 1
A6: 2 | C6: ='8. Vote Counts'!I5 -> 0 | D6: ='6. Pairwise Scoring'!K5 -> 0 | E6: ='7. Voter Diversity'!H5 -> 0 | F6: =C6*$C$4+D6*$D$4+E6*$E$4 -> 0 | G6: =IFERROR(RANK(F6,$F$5:$F$34,0),"") -> 1
A7: 3 | C7: ='8. Vote Counts'!I6 -> 0 | D7: ='6. Pairwise Scoring'!K6 -> 0 | E7: ='7. Voter Diversity'!H6 -> 0 | F7: =C7*$C$4+D7*$D$4+E7*$E$4 -> 0 | G7: =IFERROR(RANK(F7,$F$5:$F$34,0),"") -> 1
A8: 4 | C8: ='8. Vote Counts'!I7 -> 0 | D8: ='6. Pairwise Scoring'!K7 -> 0 | E8: ='7. Voter Diversity'!H7 -> 0 | F8: =C8*$C$4+D8*$D$4+E8*$E$4 -> 0 | G8: =IFERROR(RANK(F8,$F$5:$F$34,0),"") -> 1
A9: 5 | C9: ='8. Vote Counts'!I8 -> 0 | D9: ='6. Pairwise Scoring'!K8 -> 0 | E9: ='7. Voter Diversity'!H8 -> 0 | F9: =C9*$C$4+D9*$D$4+E9*$E$4 -> 0 | G9: =IFERROR(RANK(F9,$F$5:$F$34,0),"") -> 1
A10: 6 | C10: ='8. Vote Counts'!I9 -> 0 | D10: ='6. Pairwise Scoring'!K9 -> 0 | E10: ='7. Voter Diversity'!H9 -> 0 | F10: =C10*$C$4+D10*$D$4+E10*$E$4 -> 0 | G10: =IFERROR(RANK(F10,$F$5:$F$34,0),"") -> 1
A11: 7 | C11: ='8. Vote Counts'!I10 -> 0 | D11: ='6. Pairwise Scoring'!K10 -> 0 | E11: ='7. Voter Diversity'!H10 -> 0 | F11: =C11*$C$4+D11*$D$4+E11*$E$4 -> 0 | G11: =IFERROR(RANK(F11,$F$5:$F$34,0),"") -> 1
A12: 8 | C12: ='8. Vote Counts'!I11 -> 0 | D12: ='6. Pairwise Scoring'!K11 -> 0 | E12: ='7. Voter Diversity'!H11 -> 0 | F12: =C12*$C$4+D12*$D$4+E12*$E$4 -> 0 | G12: =IFERROR(RANK(F12,$F$5:$F$34,0),"") -> 1
A13: 9 | C13: ='8. Vote Counts'!I12 -> 0 | D13: ='6. Pairwise Scoring'!K12 -> 0 | E13: ='7. Voter Diversity'!H12 -> 0 | F13: =C13*$C$4+D13*$D$4+E13*$E$4 -> 0 | G13: =IFERROR(RANK(F13,$F$5:$F$34,0),"") -> 1
A14: 10 | C14: ='8. Vote Counts'!I13 -> 0 | D14: ='6. Pairwise Scoring'!K13 -> 0 | E14: ='7. Voter Diversity'!H13 -> 0 | F14: =C14*$C$4+D14*$D$4+E14*$E$4 -> 0 | G14: =IFERROR(RANK(F14,$F$5:$F$34,0),"") -> 1
A15: 11 | C15: ='8. Vote Counts'!I14 -> 0 | D15: ='6. Pairwise Scoring'!K14 -> 0 | E15: ='7. Voter Diversity'!H14 -> 0 | F15: =C15*$C$4+D15*$D$4+E15*$E$4 -> 0 | G15: =IFERROR(RANK(F15,$F$5:$F$34,0),"") -> 1
A16: 12 | C16: ='8. Vote Counts'!I15 -> 0 | D16: ='6. Pairwise Scoring'!K15 -> 0 | E16: ='7. Voter Diversity'!H15 -> 0 | F16: =C16*$C$4+D16*$D$4+E16*$E$4 -> 0 | G16: =IFERROR(RANK(F16,$F$5:$F$34,0),"") -> 1
... A34: 30 | C34: ='8. Vote Counts'!I33 -> 0 | D34: ='6. Pairwise Scoring'!K33 -> 0 | E34: ='7. Voter Diversity'!H33 -> 0 | F34: =C34*$C$4+D34*$D$4+E34*$E$4 -> 0 | G34: =IFERROR(RANK(F34,$F$5:$F$34,0),"") -> 1

Sheet 10. Combined WRR Score
A1: Combined Overall WRR Score — Research + Teaching (2:1 Ratio)
A2: Overall WRR Score = (Research × 2/3) + (Teaching × 1/3) — reflecting THE's 2:1 weighting rationale
A3: S.No. | B3: University Name | C3: Research Composite Score | D3: Teaching Composite Score | E3: Overall WRR Score (2:1 blend) | F3: Final WRR Rank
B4: Weights → | C4: =2/3 -> 0.66666667 | D4: =1/3 -> 0.33333333
A5: 1 | D5: ='9. Composite Score'!F5 -> 0 | E5: =IFERROR(C5*$C$4+D5*$D$4,0) -> 0 | F5: =IFERROR(RANK(E5,$E$5:$E$34,0),"") -> 1
A6: 2 | D6: ='9. Composite Score'!F6 -> 0 | E6: =IFERROR(C6*$C$4+D6*$D$4,0) -> 0 | F6: =IFERROR(RANK(E6,$E$5:$E$34,0),"") -> 1
A7: 3 | D7: ='9. Composite Score'!F7 -> 0 | E7: =IFERROR(C7*$C$4+D7*$D$4,0) -> 0 | F7: =IFERROR(RANK(E7,$E$5:$E$34,0),"") -> 1
A8: 4 | D8: ='9. Composite Score'!F8 -> 0 | E8: =IFERROR(C8*$C$4+D8*$D$4,0) -> 0 | F8: =IFERROR(RANK(E8,$E$5:$E$34,0),"") -> 1
A9: 5 | D9: ='9. Composite Score'!F9 -> 0 | E9: =IFERROR(C9*$C$4+D9*$D$4,0) -> 0 | F9: =IFERROR(RANK(E9,$E$5:$E$34,0),"") -> 1
A10: 6 | D10: ='9. Composite Score'!F10 -> 0 | E10: =IFERROR(C10*$C$4+D10*$D$4,0) -> 0 | F10: =IFERROR(RANK(E10,$E$5:$E$34,0),"") -> 1
A11: 7 | D11: ='9. Composite Score'!F11 -> 0 | E11: =IFERROR(C11*$C$4+D11*$D$4,0) -> 0 | F11: =IFERROR(RANK(E11,$E$5:$E$34,0),"") -> 1
A12: 8 | D12: ='9. Composite Score'!F12 -> 0 | E12: =IFERROR(C12*$C$4+D12*$D$4,0) -> 0 | F12: =IFERROR(RANK(E12,$E$5:$E$34,0),"") -> 1
A13: 9 | D13: ='9. Composite Score'!F13 -> 0 | E13: =IFERROR(C13*$C$4+D13*$D$4,0) -> 0 | F13: =IFERROR(RANK(E13,$E$5:$E$34,0),"") -> 1
A14: 10 | D14: ='9. Composite Score'!F14 -> 0 | E14: =IFERROR(C14*$C$4+D14*$D$4,0) -> 0 | F14: =IFERROR(RANK(E14,$E$5:$E$34,0),"") -> 1
A15: 11 | D15: ='9. Composite Score'!F15 -> 0 | E15: =IFERROR(C15*$C$4+D15*$D$4,0) -> 0 | F15: =IFERROR(RANK(E15,$E$5:$E$34,0),"") -> 1
A16: 12 | D16: ='9. Composite Score'!F16 -> 0 | E16: =IFERROR(C16*$C$4+D16*$D$4,0) -> 0 | F16: =IFERROR(RANK(E16,$E$5:$E$34,0),"") -> 1
... A34: 30 | D34: ='9. Composite Score'!F34 -> 0 | E34: =IFERROR(C34*$C$4+D34*$D$4,0) -> 0 | F34: =IFERROR(RANK(E34,$E$5:$E$34,0),"") -> 1
A36: Note: Research Composite Score (Col C) should be pasted from the companion Research Pairwise Workbook (Sheet '8. Composite Score'). Teaching score (Col D) is auto-pulled from this workbook.

Sheet 11. Data Quality Audit
A1: Teaching Pairwise — Data Quality, Bias & Audit Checklist
A2: Pre- & post-processing checks aligned with THE methodology safeguards (teaching-specific considerations)
A3: # | B3: Quality Check | C3: Description | D3: Status (✓/✗/IP) | E3: Date Performed | F3: Reviewer
A4: 1 | B4: Self-vote detection (Teaching) | C4: Flag and dilute teaching votes where respondent's home institution is being rated
A5: 2 | B5: VPRI threshold check (Teaching) | C5: Cap Vote-Per-Respondent-Index where any single respondent's teaching influence is disproportionate
A6: 3 | B6: Teaching-judgement confidence warning | C6: Flag respondents rating institutions outside their immediate discipline/region (lower confidence in external teaching judgement)
A7: 4 | B7: Sample balance (country) | C7: Ensure no single country over-represents teaching votes; weight responses where needed
A8: 5 | B8: Sample balance (subject) | C8: Ensure balanced spread across all subject disciplines for teaching evaluation
A9: 6 | B9: Language coverage check | C9: Confirm teaching section was available in all 13 languages and translations validated
A10: 7 | B10: Teaching section completion | C10: Verify respondents completed BOTH vote-count and pairwise sections for teaching (some may skip)
A11: 8 | B11: Bundle randomization | C11: Confirm 5-university bundles were randomized & match respondent's discipline/region
A12: 9 | B12: Super-brand dilution | C12: Verify pairwise methodology is forcing consideration of non-top-20 universities on teaching
A13: 10 | B13: Entropy bucket integrity | C13: Validate country × subject buckets correctly computed for teaching diversity
A14: 11 | B14: Outlier detection | C14: Identify and investigate statistical outliers in teaching vote counts or rankings
A15: 12 | B15: Duplicate respondent check | C15: Ensure no single respondent submitted multiple teaching responses
... A23: 20 | B23: Corrections & disputes log | C23: Track any corrections under THE corrections policy post-publication
