Workbook

Sheet Methodology Overview
A1: THE WUR — Research Quality (30%) → Citation Impact / FWCI (15%)
A2: Field-Weighted Citation Impact — Measures Influence of Research Output | 15% of Total WUR
A4: # | B4: Component | C4: Description & Methodology | D4: Weight
A5: 1 | B5: Citation Impact (FWCI) | C5: Field-Weighted Citation Impact: the average number of citations received by a university's Scopus publications, NORMALIZED for field, year, and document type. FWCI = Actual Citations ÷ Expected Citations. FWCI > 1.0 = above world average; FWCI = 2.0 = cited twice the world average. This is THE most important quality-adjusted research metric in the WUR. | D5: 15% of WUR
A6: 2 | B6: FWCI Calculation | C6: For each publication: (1) Extract actual citations from Scopus. (2) Map to ASJC codes. (3) Identify publication year and document type. (4) Retrieve expected citations from global benchmark table (world average for same field-year-doctype). (5) FWCI_paper = C / E. (6) For multi-ASJC papers, fractional aggregation across fields. (7) Institutional FWCI = mean of all paper-level FWCIs. | D6: Core formula
A7: 3 | B7: 5-Year Citation Window | C7: THE uses a 5-year rolling window of publications (e.g., 2019–2023 for 2025 rankings). Citations are counted up to the Scopus snapshot date. Older papers within the window have had more time to accumulate citations. FWCI benchmarks account for this via year-specific expected citation tables. | D7: Analysis window
A8: 4 | B8: Self-Citation Treatment | C8: Institutional self-citations are EXCLUDED from the citation count. Author self-citations may remain (per THE methodology). Self-citation = any paper where the citing paper shares at least one institutional affiliation with the cited paper. | D8: Adjustment
A9: 5 | B9: Context: Research Quality | C9: Research Quality (30%) = Citation Impact/FWCI (15%) + Research Strength (5%) + Research Excellence (5%) + Research Influence (5%). Citation Impact at 15% is the LARGEST single bibliometric indicator and the SECOND-LARGEST indicator in the entire WUR (after Research Reputation at 18%). | D9: 15% of 30%
A10: 6 | B10: Scoring Logic | C10: THE z-scores the institutional FWCI across all ranked universities. Higher FWCI = higher z-score. Exponential component may be applied per THE methodology to separate clusters. This is rated 🟡 Moderate (1–3 years) — improve by publishing in high-impact journals and increasing citation-generating collaborations. | D10: Normalization
A12: Step-by-Step FWCI Calculation Procedure
A13: Step | B13: Action | C13: Detail | D13: Data Source
A14: Step 1 | B14: Extract citations from Scopus | C14: Count all citations received by each publication up to snapshot date | D14: Scopus Citation Database
A15: Step 2 | B15: Map publication to ASJC codes | C15: Identify the ASJC top-level subject area(s) for each publication | D15: Scopus ASJC Classification
A16: Step 3 | B16: Identify publication year | C16: Determine the calendar year of publication for benchmark lookup | D16: Scopus Publication Date
A17: Step 4 | B17: Identify document type | C17: Classify as article, review, or conference paper | D17: Scopus Document Type field
A18: Step 5 | B18: Retrieve expected citations | C18: Look up the world-average citation count for same field × year × doc-type | D18: Scopus/SciVal Global Benchmark Table
A19: Step 6 | B19: Calculate paper-level FWCI | C19: FWCI_paper = Actual Citations (C) ÷ Expected Citations (E) | D19: Computed
A20: Step 7 | B20: Multi-ASJC fractional aggregation | C20: If paper tagged to 2+ ASJC areas, compute weighted average FWCI across fields | D20: Computed
A21: Step 8 | B21: Validate & clean | C21: Remove duplicates, papers in suspended journals, incorrect affiliations | D21: Scopus + Institutional Audit
A22: Step 9 | B22: Aggregate for institution | C22: Institutional FWCI = mean of all paper-level FWCIs | D22: Computed
A24: Improvement Strategies
A25: • Publish in high-impact Q1/Q2 journals to maximize citations received.
A26: • Target 40–50% internationally co-authored papers (higher citation rates).
A27: • Launch 'Highly Cited Papers Initiative' — focus on top-10% potential papers.
A28: • Encourage open access publishing — OA papers receive 18–50% more citations.
A29: • Reduce publications in low-citation journals; focus on fewer, higher-quality papers.
A30: • Build strategic co-authorship networks with highly-cited researchers.
A31: • Promote preprint sharing and social media dissemination of key findings.
A32: • Difficulty: 🟡 Moderate (1–3 years). Citations accumulate over 2–5 years after publication.

Sheet 1. FWCI Summary
A1: Field-Weighted Citation Impact — University-Level Summary (5-Year Window)
A2: FWCI = Actual Citations ÷ Expected Citations | >1.0 = above world average | Scopus data
A3: S.No. | B3: University Name | C3: Country | D3: Total Scopus Pubs (5yr) | E3: Total Citations Received | F3: Citations (Excl. Self-Cit.) | G3: FWCI (Institutional) | H3: % Pubs with FWCI > 1.0 | I3: % Pubs with FWCI > 2.0 | J3: % Uncited Papers | K3: Analysis Period
A4: 1
A5: 2
A6: 3
A7: 4
A8: 5
A9: 6
A10: 7
A11: 8
A12: 9
A13: 10
A14: 11
A15: 12
... A33: 30
A35: Summary Statistics
A36: Average FWCI | F36: =IF(COUNTA(G4:G33)>0,AVERAGE(G4:G33),0) -> 0
A37: Highest FWCI | F37: =MAX(G4:G33) -> 0
A38: Lowest FWCI | F38: =MIN(G4:G33) -> 0
A39: Median FWCI | F39: =IF(COUNTA(F4:F33)>0,SUM(F4:F33),0) -> 0
A40: Total Publications (All) | F40: =SUM(D4:D33) -> 0
A41: Total Citations (Excl Self) | F41: =SUM(F4:F33) -> 0

Sheet 2. FWCI by Subject
A1: FWCI by ASJC Subject Area — University × Subject Matrix
A2: FWCI per subject area | Identifies strong and weak fields | Helps target improvement
A4: University ↓ / ASJC FWCI → | B4: Country | C4: AGRI | D4: AH | E4: BIOC | F4: BUS | G4: CHEM | H4: CS | I4: EART | J4: ECON | K4: ENGI | L4: ENVI | M4: MATE | N4: MATH | O4: MEDI | P4: PHYS | Q4: SOCI | R4: Overall FWCI
R5: =IF(COUNTA(C5:Q5)>0,AVERAGE(C5:Q5),0) -> 0
R6: =IF(COUNTA(C6:Q6)>0,AVERAGE(C6:Q6),0) -> 0
R7: =IF(COUNTA(C7:Q7)>0,AVERAGE(C7:Q7),0) -> 0
R8: =IF(COUNTA(C8:Q8)>0,AVERAGE(C8:Q8),0) -> 0
R9: =IF(COUNTA(C9:Q9)>0,AVERAGE(C9:Q9),0) -> 0
R10: =IF(COUNTA(C10:Q10)>0,AVERAGE(C10:Q10),0) -> 0
R11: =IF(COUNTA(C11:Q11)>0,AVERAGE(C11:Q11),0) -> 0
R12: =IF(COUNTA(C12:Q12)>0,AVERAGE(C12:Q12),0) -> 0
R13: =IF(COUNTA(C13:Q13)>0,AVERAGE(C13:Q13),0) -> 0
R14: =IF(COUNTA(C14:Q14)>0,AVERAGE(C14:Q14),0) -> 0
R15: =IF(COUNTA(C15:Q15)>0,AVERAGE(C15:Q15),0) -> 0
R16: =IF(COUNTA(C16:Q16)>0,AVERAGE(C16:Q16),0) -> 0
... R34: =IF(COUNTA(C34:Q34)>0,AVERAGE(C34:Q34),0) -> 0

Sheet 3. Citation Distribution
A1: Citation Distribution — Percentile & Uncited Analysis
A2: Top 10%, Top 1%, Highly Cited Papers, and uncited paper proportion | Quality depth analysis
A3: S.No. | B3: University Name | C3: Country | D3: Total Pubs (5yr) | E3: Top 10% Cited Pubs | F3: Top 1% Cited Pubs | G3: Highly Cited Papers (HCP) | H3: Uncited Papers | I3: % Top 10% | J3: % Uncited
A4: 1 | I4: =IF(D4>0,E4/D4*100,0) -> 0 | J4: =IF(D4>0,H4/D4*100,0) -> 0
A5: 2 | I5: =IF(D5>0,E5/D5*100,0) -> 0 | J5: =IF(D5>0,H5/D5*100,0) -> 0
A6: 3 | I6: =IF(D6>0,E6/D6*100,0) -> 0 | J6: =IF(D6>0,H6/D6*100,0) -> 0
A7: 4 | I7: =IF(D7>0,E7/D7*100,0) -> 0 | J7: =IF(D7>0,H7/D7*100,0) -> 0
A8: 5 | I8: =IF(D8>0,E8/D8*100,0) -> 0 | J8: =IF(D8>0,H8/D8*100,0) -> 0
A9: 6 | I9: =IF(D9>0,E9/D9*100,0) -> 0 | J9: =IF(D9>0,H9/D9*100,0) -> 0
A10: 7 | I10: =IF(D10>0,E10/D10*100,0) -> 0 | J10: =IF(D10>0,H10/D10*100,0) -> 0
A11: 8 | I11: =IF(D11>0,E11/D11*100,0) -> 0 | J11: =IF(D11>0,H11/D11*100,0) -> 0
A12: 9 | I12: =IF(D12>0,E12/D12*100,0) -> 0 | J12: =IF(D12>0,H12/D12*100,0) -> 0
A13: 10 | I13: =IF(D13>0,E13/D13*100,0) -> 0 | J13: =IF(D13>0,H13/D13*100,0) -> 0
A14: 11 | I14: =IF(D14>0,E14/D14*100,0) -> 0 | J14: =IF(D14>0,H14/D14*100,0) -> 0
A15: 12 | I15: =IF(D15>0,E15/D15*100,0) -> 0 | J15: =IF(D15>0,H15/D15*100,0) -> 0
... A33: 30 | I33: =IF(D33>0,E33/D33*100,0) -> 0 | J33: =IF(D33>0,H33/D33*100,0) -> 0

Sheet 4. Self-Citation Analysis
A1: Self-Citation Analysis — Institutional Self-Citation Rate & Exclusion
A2: Institutional self-citations EXCLUDED from FWCI | Monitor self-citation rate for data integrity
A3: S.No. | B3: University Name | C3: Country | D3: Total Citations Received (5yr) | E3: Institutional Self-Citations | F3: Self-Citation Rate (%) | G3: Citations After Self-Cit. Exclusion | H3: FWCI (With Self-Cit.) | I3: FWCI (Excl. Self-Cit. — THE Method)
A4: 1 | F4: =IF(D4>0,E4/D4*100,0) -> 0 | G4: =D4-E4 -> 0
A5: 2 | F5: =IF(D5>0,E5/D5*100,0) -> 0 | G5: =D5-E5 -> 0
A6: 3 | F6: =IF(D6>0,E6/D6*100,0) -> 0 | G6: =D6-E6 -> 0
A7: 4 | F7: =IF(D7>0,E7/D7*100,0) -> 0 | G7: =D7-E7 -> 0
A8: 5 | F8: =IF(D8>0,E8/D8*100,0) -> 0 | G8: =D8-E8 -> 0
A9: 6 | F9: =IF(D9>0,E9/D9*100,0) -> 0 | G9: =D9-E9 -> 0
A10: 7 | F10: =IF(D10>0,E10/D10*100,0) -> 0 | G10: =D10-E10 -> 0
A11: 8 | F11: =IF(D11>0,E11/D11*100,0) -> 0 | G11: =D11-E11 -> 0
A12: 9 | F12: =IF(D12>0,E12/D12*100,0) -> 0 | G12: =D12-E12 -> 0
A13: 10 | F13: =IF(D13>0,E13/D13*100,0) -> 0 | G13: =D13-E13 -> 0
A14: 11 | F14: =IF(D14>0,E14/D14*100,0) -> 0 | G14: =D14-E14 -> 0
A15: 12 | F15: =IF(D15>0,E15/D15*100,0) -> 0 | G15: =D15-E15 -> 0
... A33: 30 | F33: =IF(D33>0,E33/D33*100,0) -> 0 | G33: =D33-E33 -> 0

Sheet 5. Dept FWCI
A1: Department-Level FWCI — Identifying High & Low Citation Impact Departments
A2: Granular FWCI per department | Target citation improvement where impact is lowest
A3: S.No. | B3: Department / School | C3: Faculty / College | D3: Scopus Pubs (5yr) | E3: Citations (Excl. Self) | F3: FWCI | G3: Target FWCI | H3: Gap to Target | I3: Priority
A4: 1 | H4: =IF(AND(G4>0,F4<G4),G4-F4,0) -> 0 | I4: =IF(H4>0.5,"High",IF(H4>0.2,"Medium",IF(H4>0,"Low","On Target"))) -> On Target
A5: 2 | H5: =IF(AND(G5>0,F5<G5),G5-F5,0) -> 0 | I5: =IF(H5>0.5,"High",IF(H5>0.2,"Medium",IF(H5>0,"Low","On Target"))) -> On Target
A6: 3 | H6: =IF(AND(G6>0,F6<G6),G6-F6,0) -> 0 | I6: =IF(H6>0.5,"High",IF(H6>0.2,"Medium",IF(H6>0,"Low","On Target"))) -> On Target
A7: 4 | H7: =IF(AND(G7>0,F7<G7),G7-F7,0) -> 0 | I7: =IF(H7>0.5,"High",IF(H7>0.2,"Medium",IF(H7>0,"Low","On Target"))) -> On Target
A8: 5 | H8: =IF(AND(G8>0,F8<G8),G8-F8,0) -> 0 | I8: =IF(H8>0.5,"High",IF(H8>0.2,"Medium",IF(H8>0,"Low","On Target"))) -> On Target
A9: 6 | H9: =IF(AND(G9>0,F9<G9),G9-F9,0) -> 0 | I9: =IF(H9>0.5,"High",IF(H9>0.2,"Medium",IF(H9>0,"Low","On Target"))) -> On Target
A10: 7 | H10: =IF(AND(G10>0,F10<G10),G10-F10,0) -> 0 | I10: =IF(H10>0.5,"High",IF(H10>0.2,"Medium",IF(H10>0,"Low","On Target"))) -> On Target
A11: 8 | H11: =IF(AND(G11>0,F11<G11),G11-F11,0) -> 0 | I11: =IF(H11>0.5,"High",IF(H11>0.2,"Medium",IF(H11>0,"Low","On Target"))) -> On Target
A12: 9 | H12: =IF(AND(G12>0,F12<G12),G12-F12,0) -> 0 | I12: =IF(H12>0.5,"High",IF(H12>0.2,"Medium",IF(H12>0,"Low","On Target"))) -> On Target
A13: 10 | H13: =IF(AND(G13>0,F13<G13),G13-F13,0) -> 0 | I13: =IF(H13>0.5,"High",IF(H13>0.2,"Medium",IF(H13>0,"Low","On Target"))) -> On Target
A14: 11 | H14: =IF(AND(G14>0,F14<G14),G14-F14,0) -> 0 | I14: =IF(H14>0.5,"High",IF(H14>0.2,"Medium",IF(H14>0,"Low","On Target"))) -> On Target
A15: 12 | H15: =IF(AND(G15>0,F15<G15),G15-F15,0) -> 0 | I15: =IF(H15>0.5,"High",IF(H15>0.2,"Medium",IF(H15>0,"Low","On Target"))) -> On Target
... A43: 40 | H43: =IF(AND(G43>0,F43<G43),G43-F43,0) -> 0 | I43: =IF(H43>0.5,"High",IF(H43>0.2,"Medium",IF(H43>0,"Low","On Target"))) -> On Target

Sheet 6. FWCI Trend
A1: FWCI — 5-Year Trend Analysis
A2: Track citation impact improvement | Demonstrates growing research influence
A3: S.No. | B3: University Name | C3: Country | D3: Year 1 FWCI | E3: Year 2 | F3: Year 3 | G3: Year 4 | H3: Year 5 (Current) | I3: 5-Year Change | J3: Growth (%) | K3: Trend
A4: 1 | I4: =IF(AND(D4>0,H4>0),H4-D4,0) -> 0 | J4: =IFERROR(IF(D4>0,(H4-D4)/D4*100,0),0) -> 0 | K4: =IF(I4>0.1,"Improving",IF(I4>0,"Stable",IF(I4<-0.1,"Declining","Flat"))) -> Flat
A5: 2 | I5: =IF(AND(D5>0,H5>0),H5-D5,0) -> 0 | J5: =IFERROR(IF(D5>0,(H5-D5)/D5*100,0),0) -> 0 | K5: =IF(I5>0.1,"Improving",IF(I5>0,"Stable",IF(I5<-0.1,"Declining","Flat"))) -> Flat
A6: 3 | I6: =IF(AND(D6>0,H6>0),H6-D6,0) -> 0 | J6: =IFERROR(IF(D6>0,(H6-D6)/D6*100,0),0) -> 0 | K6: =IF(I6>0.1,"Improving",IF(I6>0,"Stable",IF(I6<-0.1,"Declining","Flat"))) -> Flat
A7: 4 | I7: =IF(AND(D7>0,H7>0),H7-D7,0) -> 0 | J7: =IFERROR(IF(D7>0,(H7-D7)/D7*100,0),0) -> 0 | K7: =IF(I7>0.1,"Improving",IF(I7>0,"Stable",IF(I7<-0.1,"Declining","Flat"))) -> Flat
A8: 5 | I8: =IF(AND(D8>0,H8>0),H8-D8,0) -> 0 | J8: =IFERROR(IF(D8>0,(H8-D8)/D8*100,0),0) -> 0 | K8: =IF(I8>0.1,"Improving",IF(I8>0,"Stable",IF(I8<-0.1,"Declining","Flat"))) -> Flat
A9: 6 | I9: =IF(AND(D9>0,H9>0),H9-D9,0) -> 0 | J9: =IFERROR(IF(D9>0,(H9-D9)/D9*100,0),0) -> 0 | K9: =IF(I9>0.1,"Improving",IF(I9>0,"Stable",IF(I9<-0.1,"Declining","Flat"))) -> Flat
A10: 7 | I10: =IF(AND(D10>0,H10>0),H10-D10,0) -> 0 | J10: =IFERROR(IF(D10>0,(H10-D10)/D10*100,0),0) -> 0 | K10: =IF(I10>0.1,"Improving",IF(I10>0,"Stable",IF(I10<-0.1,"Declining","Flat"))) -> Flat
A11: 8 | I11: =IF(AND(D11>0,H11>0),H11-D11,0) -> 0 | J11: =IFERROR(IF(D11>0,(H11-D11)/D11*100,0),0) -> 0 | K11: =IF(I11>0.1,"Improving",IF(I11>0,"Stable",IF(I11<-0.1,"Declining","Flat"))) -> Flat
A12: 9 | I12: =IF(AND(D12>0,H12>0),H12-D12,0) -> 0 | J12: =IFERROR(IF(D12>0,(H12-D12)/D12*100,0),0) -> 0 | K12: =IF(I12>0.1,"Improving",IF(I12>0,"Stable",IF(I12<-0.1,"Declining","Flat"))) -> Flat
A13: 10 | I13: =IF(AND(D13>0,H13>0),H13-D13,0) -> 0 | J13: =IFERROR(IF(D13>0,(H13-D13)/D13*100,0),0) -> 0 | K13: =IF(I13>0.1,"Improving",IF(I13>0,"Stable",IF(I13<-0.1,"Declining","Flat"))) -> Flat
A14: 11 | I14: =IF(AND(D14>0,H14>0),H14-D14,0) -> 0 | J14: =IFERROR(IF(D14>0,(H14-D14)/D14*100,0),0) -> 0 | K14: =IF(I14>0.1,"Improving",IF(I14>0,"Stable",IF(I14<-0.1,"Declining","Flat"))) -> Flat
A15: 12 | I15: =IF(AND(D15>0,H15>0),H15-D15,0) -> 0 | J15: =IFERROR(IF(D15>0,(H15-D15)/D15*100,0),0) -> 0 | K15: =IF(I15>0.1,"Improving",IF(I15>0,"Stable",IF(I15<-0.1,"Declining","Flat"))) -> Flat
... A33: 30 | I33: =IF(AND(D33>0,H33>0),H33-D33,0) -> 0 | J33: =IFERROR(IF(D33>0,(H33-D33)/D33*100,0),0) -> 0 | K33: =IF(I33>0.1,"Improving",IF(I33>0,"Stable",IF(I33<-0.1,"Declining","Flat"))) -> Flat

Sheet 7. Scoring
A1: Citation Impact Score (0–100) — 15% of Total WUR
A2: FWCI → Z-scored → Normalized 0–100 | Higher FWCI = higher score
A3: S.No. | B3: University Name | C3: Country | D3: FWCI (Excl. Self-Cit.) | E3: Z-Score | F3: Normalized Score (0–100) | G3: Global Rank
A4: 1 | D4: ='1. FWCI Summary'!G4 -> 0 | E4: =IFERROR((D4-AVERAGE($D$4:$D$33))/STDEV($D$4:$D$33),0) -> 0 | F4: =IFERROR(IF(MAX($D$4:$D$33)-MIN($D$4:$D$33)>0,(D4-MIN($D$4:$D$33))/(MAX($D$4:$D$33)-MIN($D$4:$D$33))*100,0),0) -> 0 | G4: =IFERROR(RANK(F4,$F$4:$F$33,0),"") -> 1
A5: 2 | D5: ='1. FWCI Summary'!G5 -> 0 | E5: =IFERROR((D5-AVERAGE($D$4:$D$33))/STDEV($D$4:$D$33),0) -> 0 | F5: =IFERROR(IF(MAX($D$4:$D$33)-MIN($D$4:$D$33)>0,(D5-MIN($D$4:$D$33))/(MAX($D$4:$D$33)-MIN($D$4:$D$33))*100,0),0) -> 0 | G5: =IFERROR(RANK(F5,$F$4:$F$33,0),"") -> 1
A6: 3 | D6: ='1. FWCI Summary'!G6 -> 0 | E6: =IFERROR((D6-AVERAGE($D$4:$D$33))/STDEV($D$4:$D$33),0) -> 0 | F6: =IFERROR(IF(MAX($D$4:$D$33)-MIN($D$4:$D$33)>0,(D6-MIN($D$4:$D$33))/(MAX($D$4:$D$33)-MIN($D$4:$D$33))*100,0),0) -> 0 | G6: =IFERROR(RANK(F6,$F$4:$F$33,0),"") -> 1
A7: 4 | D7: ='1. FWCI Summary'!G7 -> 0 | E7: =IFERROR((D7-AVERAGE($D$4:$D$33))/STDEV($D$4:$D$33),0) -> 0 | F7: =IFERROR(IF(MAX($D$4:$D$33)-MIN($D$4:$D$33)>0,(D7-MIN($D$4:$D$33))/(MAX($D$4:$D$33)-MIN($D$4:$D$33))*100,0),0) -> 0 | G7: =IFERROR(RANK(F7,$F$4:$F$33,0),"") -> 1
A8: 5 | D8: ='1. FWCI Summary'!G8 -> 0 | E8: =IFERROR((D8-AVERAGE($D$4:$D$33))/STDEV($D$4:$D$33),0) -> 0 | F8: =IFERROR(IF(MAX($D$4:$D$33)-MIN($D$4:$D$33)>0,(D8-MIN($D$4:$D$33))/(MAX($D$4:$D$33)-MIN($D$4:$D$33))*100,0),0) -> 0 | G8: =IFERROR(RANK(F8,$F$4:$F$33,0),"") -> 1
A9: 6 | D9: ='1. FWCI Summary'!G9 -> 0 | E9: =IFERROR((D9-AVERAGE($D$4:$D$33))/STDEV($D$4:$D$33),0) -> 0 | F9: =IFERROR(IF(MAX($D$4:$D$33)-MIN($D$4:$D$33)>0,(D9-MIN($D$4:$D$33))/(MAX($D$4:$D$33)-MIN($D$4:$D$33))*100,0),0) -> 0 | G9: =IFERROR(RANK(F9,$F$4:$F$33,0),"") -> 1
A10: 7 | D10: ='1. FWCI Summary'!G10 -> 0 | E10: =IFERROR((D10-AVERAGE($D$4:$D$33))/STDEV($D$4:$D$33),0) -> 0 | F10: =IFERROR(IF(MAX($D$4:$D$33)-MIN($D$4:$D$33)>0,(D10-MIN($D$4:$D$33))/(MAX($D$4:$D$33)-MIN($D$4:$D$33))*100,0),0) -> 0 | G10: =IFERROR(RANK(F10,$F$4:$F$33,0),"") -> 1
A11: 8 | D11: ='1. FWCI Summary'!G11 -> 0 | E11: =IFERROR((D11-AVERAGE($D$4:$D$33))/STDEV($D$4:$D$33),0) -> 0 | F11: =IFERROR(IF(MAX($D$4:$D$33)-MIN($D$4:$D$33)>0,(D11-MIN($D$4:$D$33))/(MAX($D$4:$D$33)-MIN($D$4:$D$33))*100,0),0) -> 0 | G11: =IFERROR(RANK(F11,$F$4:$F$33,0),"") -> 1
A12: 9 | D12: ='1. FWCI Summary'!G12 -> 0 | E12: =IFERROR((D12-AVERAGE($D$4:$D$33))/STDEV($D$4:$D$33),0) -> 0 | F12: =IFERROR(IF(MAX($D$4:$D$33)-MIN($D$4:$D$33)>0,(D12-MIN($D$4:$D$33))/(MAX($D$4:$D$33)-MIN($D$4:$D$33))*100,0),0) -> 0 | G12: =IFERROR(RANK(F12,$F$4:$F$33,0),"") -> 1
A13: 10 | D13: ='1. FWCI Summary'!G13 -> 0 | E13: =IFERROR((D13-AVERAGE($D$4:$D$33))/STDEV($D$4:$D$33),0) -> 0 | F13: =IFERROR(IF(MAX($D$4:$D$33)-MIN($D$4:$D$33)>0,(D13-MIN($D$4:$D$33))/(MAX($D$4:$D$33)-MIN($D$4:$D$33))*100,0),0) -> 0 | G13: =IFERROR(RANK(F13,$F$4:$F$33,0),"") -> 1
A14: 11 | D14: ='1. FWCI Summary'!G14 -> 0 | E14: =IFERROR((D14-AVERAGE($D$4:$D$33))/STDEV($D$4:$D$33),0) -> 0 | F14: =IFERROR(IF(MAX($D$4:$D$33)-MIN($D$4:$D$33)>0,(D14-MIN($D$4:$D$33))/(MAX($D$4:$D$33)-MIN($D$4:$D$33))*100,0),0) -> 0 | G14: =IFERROR(RANK(F14,$F$4:$F$33,0),"") -> 1
A15: 12 | D15: ='1. FWCI Summary'!G15 -> 0 | E15: =IFERROR((D15-AVERAGE($D$4:$D$33))/STDEV($D$4:$D$33),0) -> 0 | F15: =IFERROR(IF(MAX($D$4:$D$33)-MIN($D$4:$D$33)>0,(D15-MIN($D$4:$D$33))/(MAX($D$4:$D$33)-MIN($D$4:$D$33))*100,0),0) -> 0 | G15: =IFERROR(RANK(F15,$F$4:$F$33,0),"") -> 1
... A33: 30 | D33: ='1. FWCI Summary'!G33 -> 0 | E33: =IFERROR((D33-AVERAGE($D$4:$D$33))/STDEV($D$4:$D$33),0) -> 0 | F33: =IFERROR(IF(MAX($D$4:$D$33)-MIN($D$4:$D$33)>0,(D33-MIN($D$4:$D$33))/(MAX($D$4:$D$33)-MIN($D$4:$D$33))*100,0),0) -> 0 | G33: =IFERROR(RANK(F33,$F$4:$F$33,0),"") -> 1

Sheet 8. Action Plan
A1: Citation Impact — Strategic Action Plan
A3: # | B3: University Name | C3: Action Item | D3: Phase | E3: Status | F3: Target Date | G3: Remarks
A4: 1 | C4: Audit current FWCI by department using SciVal/Scopus analytics | D4: 1 (0–6mo)
A5: 2 | C5: Identify low-FWCI departments and assign citation improvement targets | D5: 1 (0–6mo)
A6: 3 | C6: Train faculty on strategic publishing: Q1 journals, high-citation fields | D6: 1 (0–6mo)
A7: 4 | C7: Launch open access publishing fund to increase citation visibility | D7: 1 (0–6mo)
A8: 5 | C8: Build international co-authorship networks (papers with intl co-authors cited 2–3× more) | D8: 2 (6–18mo)
A9: 6 | C9: Launch 'Highly Cited Papers Initiative' — identify top-10% potential papers | D9: 2 (6–18mo)
A10: 7 | C10: Reduce publication in low-impact / predatory journals | D10: 2 (6–18mo)
A11: 8 | C11: Encourage preprint sharing to accelerate citation accumulation | D11: 2 (6–18mo)
A12: 9 | C12: Monitor institutional self-citation rate; ensure <15% threshold | D12: 2 (6–18mo)
A13: 10 | C13: Promote social media & altmetric visibility for key publications | D13: 2 (6–18mo)
A14: 11 | C14: Target institutional FWCI > 1.5 (50% above world average) | D14: 3 (18–36mo)
A15: 12 | C15: Achieve >15% of papers in top 10% most-cited globally | D15: 3 (18–36mo)
... A17: 14 | C17: Embed citation targets into faculty annual appraisal systems | D17: 3 (18–36mo)
A19: Progress
A20: Completed | D20: =COUNTIF(E4:E17,"Done") -> 0
A21: In Progress | D21: =COUNTIF(E4:E17,"IP") -> 0
A22: Completion (%) | D22: =IFERROR(COUNTIF(E4:E17,"Done")/14*100,0) -> 0

Sheet 9. Benchmarking
A1: Benchmarking — Citation Impact / FWCI
A3: S.No. | B3: University / Benchmark | C3: FWCI | D3: % Top 10% | E3: % Uncited | F3: Self-Cit % | G3: Score (0–100) | H3: Peer Group
A4: 1 | B4: Your Institution | H4: Target
A5: 2 | B5: Global Top 10 Average | H5: Aspirational
A6: 3 | B6: National Average | H6: National
A7: 4 | B7: Peer Group Average | H7: Peer
A8: 5 | B8: World Average | H8: FWCI = 1.00
A9: 1
A10: 2
A11: 3
A12: 4
A13: 5
A14: 6
A15: 7
A16: 8
A17: 9
A18: 10
A19: 11
A20: 12
... A23: 15

Sheet 10. Risk Assessment
A1: Citation Impact — Risk Assessment
A3: # | B3: Risk | C3: Level | D3: Impact | E3: Mitigation | F3: Owner
A4: 1 | B4: High self-citation rate | C4: 🔴 High | D4: Self-citations excluded; real FWCI lower than expected | E4: Monitor self-citation rate (<15%); focus on external citation strategies
A5: 2 | B5: Publishing in low-impact journals | C5: 🟡 Medium | D5: Low citations per paper; depresses FWCI | E5: Journal selection strategy; Q1/Q2 target; avoid predatory journals
A6: 3 | B6: Scopus affiliation errors | C6: 🔴 High | D6: Citations not attributed; FWCI miscalculated | E6: Quarterly Scopus audit; fix name variants; verify affiliations
A7: 4 | B7: Papers in suspended/delisted journals | C7: 🔴 High | D7: Excluded from analysis; publications 'lost' | E7: Pre-submission journal verification; maintain approved journal list
A8: 5 | B8: High proportion of uncited papers | C8: 🟡 Medium | D8: Uncited papers drag down average FWCI | E8: Reduce low-quality output; focus on fewer, higher-impact publications
A9: 6 | B9: Field imbalance (high output in low-citation fields) | C9: 🟡 Medium | D9: Fields like humanities naturally cite less; lowers overall FWCI | E9: FWCI is field-normalized — but ensure faculty aware of field benchmarks
A10: 7 | B10: Citation lag for recent publications | C10: 🟢 Low | D10: Recent papers haven't had time to accumulate citations | E10: 5-year window accounts for this; focus on earlier-year publications
A11: 8 | B11: Lack of international co-authorship | C11: 🟡 Medium | D11: Domestically-only papers cited less frequently | E11: Target 40–50% international co-authorship; strategic collaboration

Sheet 11. Data Quality Audit
A1: Citation Impact / FWCI — Data Quality & Audit Checklist
A2: Validation checks for this indicator (15% of total WUR — second-largest single indicator)
A3: # | B3: Quality Check | C3: Description | D3: Status (✓/✗/IP) | E3: Date | F3: Reviewer
A4: 1 | B4: Scopus source verification | C4: All citation data sourced exclusively from Scopus (not WoS, Google Scholar, or Dimensions)
A5: 2 | B5: 5-year window confirmation | C5: Publication window matches current THE ranking cycle (e.g., 2019–2023 for 2025)
A6: 3 | B6: Document type filter | C6: Only articles, reviews, conference papers included; editorials, letters, errata excluded
A7: 4 | B7: ASJC classification accuracy | C7: Publications correctly mapped to ASJC top-level subject areas for field normalization
A8: 5 | B8: Expected citation benchmarks | C8: World-average expected citations retrieved from current Scopus/SciVal benchmark tables
A9: 6 | B9: FWCI formula verification | C9: Paper-level FWCI = Actual Citations ÷ Expected Citations; verified for sample papers
A10: 7 | B10: Multi-ASJC aggregation | C10: Papers in 2+ ASJC areas have fractional FWCI aggregated correctly across fields
A11: 8 | B11: Institutional self-citation exclusion | C11: Self-citations (citing paper shares institutional affiliation) excluded from citation counts
A12: 9 | B12: Self-citation rate monitoring | C12: Institutional self-citation rate documented; rates >20% flagged for investigation
A13: 10 | B13: Scopus Affiliation ID verification | C13: All institutional Scopus Affiliation IDs verified; includes campuses and merged IDs
A14: 11 | B14: Suspended journal exclusion | C14: Publications in Scopus-suspended or delisted journals excluded from analysis
A15: 12 | B15: Duplicate publication removal | C15: Duplicate records (same DOI, different Scopus IDs) identified and removed
... A23: 20 | B23: Reproducibility test | C23: FWCI independently reproducible from Scopus/SciVal data within ±5%
