Workbook

Sheet Methodology Overview
A1: THE WUR — Research Environment (29%) → Research Productivity (Papers per Staff) (5.5%)
A2: Scopus Publication Output Normalized by Academic Staff FTE | 5.5% of Total WUR Score
A4: # | B4: Component | C4: Description & Methodology | D4: Weight
A5: 1 | B5: Research Productivity | C5: Total number of Scopus-indexed publications divided by academic staff FTE. Measures per-capita research output — how many papers each staff member produces on average. Higher ratio = more productive research environment. THE uses this as a volume-adjusted efficiency metric within the Research Environment pillar. | D5: 5.5% of WUR
A6: 2 | B6: Scopus Publications (Numerator) | C6: Count of Scopus-indexed publications over a defined period (typically most recent year or averaged). Document types: articles, reviews, conference papers. EXCLUDES: editorials, letters, errata, notes, book reviews, short surveys. Fractional counting applied for multi-institution papers (1/N per institution). Self-authored corrections/errata excluded. | D6: Numerator
A7: 3 | B7: Academic Staff FTE (Denominator) | C7: Same THE-compliant definition used across ALL Teaching and Research Environment indicators. Professors, associate/assistant professors, lecturers, research fellows with teaching. Excludes admin, technical, support, research-only staff. MUST match the FTE used in SSR (4.5%), Doctorates/Staff (5.5%), Inst Income (2.5%), and Research Income (5.5%). | D7: Denominator
A8: 4 | B8: Fractional Counting | C8: For multi-institution papers, each institution receives 1/N credit where N = number of distinct affiliated institutions. A paper with 3 institutional affiliations counts as 0.33 for each. This prevents double-counting and ensures fair comparison between collaborative and standalone research institutions. | D8: Adjustment
A9: 5 | B9: Scoring Logic | C9: (Scopus Publications [fractional]) ÷ Academic Staff FTE → z-scored across all ranked universities. Higher publications per staff = higher z-score. THE also applies a log transformation to reduce the impact of extreme outliers before z-scoring. | D9: Normalization
A10: 6 | B10: Context: Research Environment | C10: Research Environment (29%) = Research Reputation (18%) + Research Income PPP (5.5%) + Research Productivity (5.5%). Productivity at 5.5% is the most DIRECTLY CONTROLLABLE research indicator. Difficulty: 🟢 Easy-Moderate (6–18 months) — increase output through strategic publishing support. | D10: 5.5% of 29%
A12: Improvement Strategies (from Strategic Roadmap)
A13: • Set faculty publication targets: minimum 2–3 Scopus papers per faculty per year.
A14: • Incentivize Q1/Q2 journal publishing through recognition & career advancement.
A15: • Provide research writing support: workshops, editing services, statistical consulting.
A16: • Fund conference attendance and international collaboration for co-authored publications.
A17: • Establish 'publication boot camps' and writing retreats for faculty.
A18: • Target 40–50% internationally co-authored publications for visibility + volume.
A19: • Launch 'Highly Cited Papers Initiative' — quality AND quantity strategy.
A20: • Reduce administrative burden on faculty to free time for research writing.
A21: • Difficulty: 🟢 Easy-Moderate (6–18 months). Most controllable Research Environment indicator.

Sheet 1. Publication Output
A1: Scopus Publication Output — Total & Fractional Counts (Most Recent Year)
A2: Articles + Reviews + Conference Papers only | Fractional counting for multi-institution papers
A3: S.No. | B3: University Name | C3: Country | D3: Articles (Full Count) | E3: Reviews (Full Count) | F3: Conference Papers (Full Count) | G3: Total Full Count | H3: Fractional Count (Adjusted for Multi-Institution) | I3: % Fractional vs Full | J3: Reporting Year
A4: 1 | G4: =SUM(D4:F4) -> 0 | I4: =IF(G4>0,H4/G4*100,0) -> 0
A5: 2 | G5: =SUM(D5:F5) -> 0 | I5: =IF(G5>0,H5/G5*100,0) -> 0
A6: 3 | G6: =SUM(D6:F6) -> 0 | I6: =IF(G6>0,H6/G6*100,0) -> 0
A7: 4 | G7: =SUM(D7:F7) -> 0 | I7: =IF(G7>0,H7/G7*100,0) -> 0
A8: 5 | G8: =SUM(D8:F8) -> 0 | I8: =IF(G8>0,H8/G8*100,0) -> 0
A9: 6 | G9: =SUM(D9:F9) -> 0 | I9: =IF(G9>0,H9/G9*100,0) -> 0
A10: 7 | G10: =SUM(D10:F10) -> 0 | I10: =IF(G10>0,H10/G10*100,0) -> 0
A11: 8 | G11: =SUM(D11:F11) -> 0 | I11: =IF(G11>0,H11/G11*100,0) -> 0
A12: 9 | G12: =SUM(D12:F12) -> 0 | I12: =IF(G12>0,H12/G12*100,0) -> 0
A13: 10 | G13: =SUM(D13:F13) -> 0 | I13: =IF(G13>0,H13/G13*100,0) -> 0
A14: 11 | G14: =SUM(D14:F14) -> 0 | I14: =IF(G14>0,H14/G14*100,0) -> 0
A15: 12 | G15: =SUM(D15:F15) -> 0 | I15: =IF(G15>0,H15/G15*100,0) -> 0
... A33: 30 | G33: =SUM(D33:F33) -> 0 | I33: =IF(G33>0,H33/G33*100,0) -> 0
A35: 5-Year Publication Output History (Fractional Counts)
A36: S.No. | B36: University Name | C36: Country | D36: Year 1 (Fractional) | E36: Year 2 | F36: Year 3 | G36: Year 4 | H36: Year 5 (Current) | I36: 5-Year Total | J36: CAGR (%)
A37: 1 | I37: =SUM(D37:H37) -> 0 | J37: =IFERROR(IF(AND(D37>0,H37>0),(H37/D37)^(1/4)-1,0)*100,0) -> 0
A38: 2 | I38: =SUM(D38:H38) -> 0 | J38: =IFERROR(IF(AND(D38>0,H38>0),(H38/D38)^(1/4)-1,0)*100,0) -> 0
A39: 3 | I39: =SUM(D39:H39) -> 0 | J39: =IFERROR(IF(AND(D39>0,H39>0),(H39/D39)^(1/4)-1,0)*100,0) -> 0
A40: 4 | I40: =SUM(D40:H40) -> 0 | J40: =IFERROR(IF(AND(D40>0,H40>0),(H40/D40)^(1/4)-1,0)*100,0) -> 0
A41: 5 | I41: =SUM(D41:H41) -> 0 | J41: =IFERROR(IF(AND(D41>0,H41>0),(H41/D41)^(1/4)-1,0)*100,0) -> 0
A42: 6 | I42: =SUM(D42:H42) -> 0 | J42: =IFERROR(IF(AND(D42>0,H42>0),(H42/D42)^(1/4)-1,0)*100,0) -> 0
A43: 7 | I43: =SUM(D43:H43) -> 0 | J43: =IFERROR(IF(AND(D43>0,H43>0),(H43/D43)^(1/4)-1,0)*100,0) -> 0
A44: 8 | I44: =SUM(D44:H44) -> 0 | J44: =IFERROR(IF(AND(D44>0,H44>0),(H44/D44)^(1/4)-1,0)*100,0) -> 0
A45: 9 | I45: =SUM(D45:H45) -> 0 | J45: =IFERROR(IF(AND(D45>0,H45>0),(H45/D45)^(1/4)-1,0)*100,0) -> 0
A46: 10 | I46: =SUM(D46:H46) -> 0 | J46: =IFERROR(IF(AND(D46>0,H46>0),(H46/D46)^(1/4)-1,0)*100,0) -> 0
A47: 11 | I47: =SUM(D47:H47) -> 0 | J47: =IFERROR(IF(AND(D47>0,H47>0),(H47/D47)^(1/4)-1,0)*100,0) -> 0
A48: 12 | I48: =SUM(D48:H48) -> 0 | J48: =IFERROR(IF(AND(D48>0,H48>0),(H48/D48)^(1/4)-1,0)*100,0) -> 0
... A56: 20 | I56: =SUM(D56:H56) -> 0 | J56: =IFERROR(IF(AND(D56>0,H56>0),(H56/D56)^(1/4)-1,0)*100,0) -> 0

Sheet 2. Staff FTE
A1: Academic Staff FTE — Must Match ALL Other Indicators (SSR, Doc/Staff, Income, Res Income)
A2: SAME FTE across 5 indicators | Professors + Assoc/Asst Prof + Lecturers + Res Fellows (teaching)
A3: S.No. | B3: University Name | C3: Country | D3: Professors (FTE) | E3: Assoc. Prof | F3: Asst. Prof | G3: Lecturers | H3: Res. Fellows (Teaching) | I3: Other Teaching | J3: Total Academic Staff FTE | K3: Reporting Year
A4: 1 | J4: =SUM(D4:I4) -> 0
A5: 2 | J5: =SUM(D5:I5) -> 0
A6: 3 | J6: =SUM(D6:I6) -> 0
A7: 4 | J7: =SUM(D7:I7) -> 0
A8: 5 | J8: =SUM(D8:I8) -> 0
A9: 6 | J9: =SUM(D9:I9) -> 0
A10: 7 | J10: =SUM(D10:I10) -> 0
A11: 8 | J11: =SUM(D11:I11) -> 0
A12: 9 | J12: =SUM(D12:I12) -> 0
A13: 10 | J13: =SUM(D13:I13) -> 0
A14: 11 | J14: =SUM(D14:I14) -> 0
A15: 12 | J15: =SUM(D15:I15) -> 0
... A33: 30 | J33: =SUM(D33:I33) -> 0

Sheet 3. Productivity Scoring
A1: Research Productivity — Papers per Staff Calculation & Scoring
A2: Productivity = Scopus Fractional Pubs ÷ Staff FTE | Log-transformed → Z-scored → 0–100
A3: S.No. | B3: University Name | C3: Country | D3: Fractional Pubs (Annual) | E3: Academic Staff FTE | F3: Papers per Staff (Raw) | G3: Log-Transformed Ratio | H3: Z-Score | I3: Normalized Score (0–100) | J3: Reporting Year
A4: 1 | D4: ='1. Publication Output'!H4 -> 0 | E4: ='2. Staff FTE'!J4 -> 0 | F4: =IF(E4>0,D4/E4,0) -> 0 | G4: =IF(F4>0,LN(1+F4),0) -> 0 | H4: =IFERROR((G4-AVERAGE($G$4:$G$33))/STDEV($G$4:$G$33),0) -> 0 | I4: =IFERROR(IF(MAX($G$4:$G$33)-MIN($G$4:$G$33)>0,(G4-MIN($G$4:$G$33))/(MAX($G$4:$G$33)-MIN($G$4:$G$33))*100,0),0) -> 0
A5: 2 | D5: ='1. Publication Output'!H5 -> 0 | E5: ='2. Staff FTE'!J5 -> 0 | F5: =IF(E5>0,D5/E5,0) -> 0 | G5: =IF(F5>0,LN(1+F5),0) -> 0 | H5: =IFERROR((G5-AVERAGE($G$4:$G$33))/STDEV($G$4:$G$33),0) -> 0 | I5: =IFERROR(IF(MAX($G$4:$G$33)-MIN($G$4:$G$33)>0,(G5-MIN($G$4:$G$33))/(MAX($G$4:$G$33)-MIN($G$4:$G$33))*100,0),0) -> 0
A6: 3 | D6: ='1. Publication Output'!H6 -> 0 | E6: ='2. Staff FTE'!J6 -> 0 | F6: =IF(E6>0,D6/E6,0) -> 0 | G6: =IF(F6>0,LN(1+F6),0) -> 0 | H6: =IFERROR((G6-AVERAGE($G$4:$G$33))/STDEV($G$4:$G$33),0) -> 0 | I6: =IFERROR(IF(MAX($G$4:$G$33)-MIN($G$4:$G$33)>0,(G6-MIN($G$4:$G$33))/(MAX($G$4:$G$33)-MIN($G$4:$G$33))*100,0),0) -> 0
A7: 4 | D7: ='1. Publication Output'!H7 -> 0 | E7: ='2. Staff FTE'!J7 -> 0 | F7: =IF(E7>0,D7/E7,0) -> 0 | G7: =IF(F7>0,LN(1+F7),0) -> 0 | H7: =IFERROR((G7-AVERAGE($G$4:$G$33))/STDEV($G$4:$G$33),0) -> 0 | I7: =IFERROR(IF(MAX($G$4:$G$33)-MIN($G$4:$G$33)>0,(G7-MIN($G$4:$G$33))/(MAX($G$4:$G$33)-MIN($G$4:$G$33))*100,0),0) -> 0
A8: 5 | D8: ='1. Publication Output'!H8 -> 0 | E8: ='2. Staff FTE'!J8 -> 0 | F8: =IF(E8>0,D8/E8,0) -> 0 | G8: =IF(F8>0,LN(1+F8),0) -> 0 | H8: =IFERROR((G8-AVERAGE($G$4:$G$33))/STDEV($G$4:$G$33),0) -> 0 | I8: =IFERROR(IF(MAX($G$4:$G$33)-MIN($G$4:$G$33)>0,(G8-MIN($G$4:$G$33))/(MAX($G$4:$G$33)-MIN($G$4:$G$33))*100,0),0) -> 0
A9: 6 | D9: ='1. Publication Output'!H9 -> 0 | E9: ='2. Staff FTE'!J9 -> 0 | F9: =IF(E9>0,D9/E9,0) -> 0 | G9: =IF(F9>0,LN(1+F9),0) -> 0 | H9: =IFERROR((G9-AVERAGE($G$4:$G$33))/STDEV($G$4:$G$33),0) -> 0 | I9: =IFERROR(IF(MAX($G$4:$G$33)-MIN($G$4:$G$33)>0,(G9-MIN($G$4:$G$33))/(MAX($G$4:$G$33)-MIN($G$4:$G$33))*100,0),0) -> 0
A10: 7 | D10: ='1. Publication Output'!H10 -> 0 | E10: ='2. Staff FTE'!J10 -> 0 | F10: =IF(E10>0,D10/E10,0) -> 0 | G10: =IF(F10>0,LN(1+F10),0) -> 0 | H10: =IFERROR((G10-AVERAGE($G$4:$G$33))/STDEV($G$4:$G$33),0) -> 0 | I10: =IFERROR(IF(MAX($G$4:$G$33)-MIN($G$4:$G$33)>0,(G10-MIN($G$4:$G$33))/(MAX($G$4:$G$33)-MIN($G$4:$G$33))*100,0),0) -> 0
A11: 8 | D11: ='1. Publication Output'!H11 -> 0 | E11: ='2. Staff FTE'!J11 -> 0 | F11: =IF(E11>0,D11/E11,0) -> 0 | G11: =IF(F11>0,LN(1+F11),0) -> 0 | H11: =IFERROR((G11-AVERAGE($G$4:$G$33))/STDEV($G$4:$G$33),0) -> 0 | I11: =IFERROR(IF(MAX($G$4:$G$33)-MIN($G$4:$G$33)>0,(G11-MIN($G$4:$G$33))/(MAX($G$4:$G$33)-MIN($G$4:$G$33))*100,0),0) -> 0
A12: 9 | D12: ='1. Publication Output'!H12 -> 0 | E12: ='2. Staff FTE'!J12 -> 0 | F12: =IF(E12>0,D12/E12,0) -> 0 | G12: =IF(F12>0,LN(1+F12),0) -> 0 | H12: =IFERROR((G12-AVERAGE($G$4:$G$33))/STDEV($G$4:$G$33),0) -> 0 | I12: =IFERROR(IF(MAX($G$4:$G$33)-MIN($G$4:$G$33)>0,(G12-MIN($G$4:$G$33))/(MAX($G$4:$G$33)-MIN($G$4:$G$33))*100,0),0) -> 0
A13: 10 | D13: ='1. Publication Output'!H13 -> 0 | E13: ='2. Staff FTE'!J13 -> 0 | F13: =IF(E13>0,D13/E13,0) -> 0 | G13: =IF(F13>0,LN(1+F13),0) -> 0 | H13: =IFERROR((G13-AVERAGE($G$4:$G$33))/STDEV($G$4:$G$33),0) -> 0 | I13: =IFERROR(IF(MAX($G$4:$G$33)-MIN($G$4:$G$33)>0,(G13-MIN($G$4:$G$33))/(MAX($G$4:$G$33)-MIN($G$4:$G$33))*100,0),0) -> 0
A14: 11 | D14: ='1. Publication Output'!H14 -> 0 | E14: ='2. Staff FTE'!J14 -> 0 | F14: =IF(E14>0,D14/E14,0) -> 0 | G14: =IF(F14>0,LN(1+F14),0) -> 0 | H14: =IFERROR((G14-AVERAGE($G$4:$G$33))/STDEV($G$4:$G$33),0) -> 0 | I14: =IFERROR(IF(MAX($G$4:$G$33)-MIN($G$4:$G$33)>0,(G14-MIN($G$4:$G$33))/(MAX($G$4:$G$33)-MIN($G$4:$G$33))*100,0),0) -> 0
A15: 12 | D15: ='1. Publication Output'!H15 -> 0 | E15: ='2. Staff FTE'!J15 -> 0 | F15: =IF(E15>0,D15/E15,0) -> 0 | G15: =IF(F15>0,LN(1+F15),0) -> 0 | H15: =IFERROR((G15-AVERAGE($G$4:$G$33))/STDEV($G$4:$G$33),0) -> 0 | I15: =IFERROR(IF(MAX($G$4:$G$33)-MIN($G$4:$G$33)>0,(G15-MIN($G$4:$G$33))/(MAX($G$4:$G$33)-MIN($G$4:$G$33))*100,0),0) -> 0
... A33: 30 | D33: ='1. Publication Output'!H33 -> 0 | E33: ='2. Staff FTE'!J33 -> 0 | F33: =IF(E33>0,D33/E33,0) -> 0 | G33: =IF(F33>0,LN(1+F33),0) -> 0 | H33: =IFERROR((G33-AVERAGE($G$4:$G$33))/STDEV($G$4:$G$33),0) -> 0 | I33: =IFERROR(IF(MAX($G$4:$G$33)-MIN($G$4:$G$33)>0,(G33-MIN($G$4:$G$33))/(MAX($G$4:$G$33)-MIN($G$4:$G$33))*100,0),0) -> 0
A35: Summary Statistics
A36: Average Papers per Staff | F36: =IF(COUNTA(F4:F33)>0,AVERAGE(F4:F33),0) -> 0
A37: Highest (Most Productive) | F37: =MAX(F4:F33) -> 0
A38: Lowest | F38: =MIN(F4:F33) -> 0
A39: Median | F39: =MEDIAN(F4:F33) -> 0
A40: Total Publications (All Universities, Fractional) | F40: =SUM(D4:D33) -> 0

Sheet 4. Dept Productivity
A1: Department-Level Research Productivity (Papers per Staff)
A2: Identifies high-performing & underperforming departments | Prioritize support where output is lowest
A3: S.No. | B3: Department / School | C3: Faculty / College | D3: Scopus Pubs (Fractional, Annual) | E3: Staff FTE | F3: Papers per Staff | G3: Target Ratio | H3: Gap to Target | I3: Priority
A4: 1 | F4: =IF(E4>0,D4/E4,0) -> 0 | H4: =IF(AND(G4>0,F4<G4),G4-F4,0) -> 0 | I4: =IF(H4>1,"High",IF(H4>0.5,"Medium",IF(H4>0,"Low","On Target"))) -> On Target
A5: 2 | F5: =IF(E5>0,D5/E5,0) -> 0 | H5: =IF(AND(G5>0,F5<G5),G5-F5,0) -> 0 | I5: =IF(H5>1,"High",IF(H5>0.5,"Medium",IF(H5>0,"Low","On Target"))) -> On Target
A6: 3 | F6: =IF(E6>0,D6/E6,0) -> 0 | H6: =IF(AND(G6>0,F6<G6),G6-F6,0) -> 0 | I6: =IF(H6>1,"High",IF(H6>0.5,"Medium",IF(H6>0,"Low","On Target"))) -> On Target
A7: 4 | F7: =IF(E7>0,D7/E7,0) -> 0 | H7: =IF(AND(G7>0,F7<G7),G7-F7,0) -> 0 | I7: =IF(H7>1,"High",IF(H7>0.5,"Medium",IF(H7>0,"Low","On Target"))) -> On Target
A8: 5 | F8: =IF(E8>0,D8/E8,0) -> 0 | H8: =IF(AND(G8>0,F8<G8),G8-F8,0) -> 0 | I8: =IF(H8>1,"High",IF(H8>0.5,"Medium",IF(H8>0,"Low","On Target"))) -> On Target
A9: 6 | F9: =IF(E9>0,D9/E9,0) -> 0 | H9: =IF(AND(G9>0,F9<G9),G9-F9,0) -> 0 | I9: =IF(H9>1,"High",IF(H9>0.5,"Medium",IF(H9>0,"Low","On Target"))) -> On Target
A10: 7 | F10: =IF(E10>0,D10/E10,0) -> 0 | H10: =IF(AND(G10>0,F10<G10),G10-F10,0) -> 0 | I10: =IF(H10>1,"High",IF(H10>0.5,"Medium",IF(H10>0,"Low","On Target"))) -> On Target
A11: 8 | F11: =IF(E11>0,D11/E11,0) -> 0 | H11: =IF(AND(G11>0,F11<G11),G11-F11,0) -> 0 | I11: =IF(H11>1,"High",IF(H11>0.5,"Medium",IF(H11>0,"Low","On Target"))) -> On Target
A12: 9 | F12: =IF(E12>0,D12/E12,0) -> 0 | H12: =IF(AND(G12>0,F12<G12),G12-F12,0) -> 0 | I12: =IF(H12>1,"High",IF(H12>0.5,"Medium",IF(H12>0,"Low","On Target"))) -> On Target
A13: 10 | F13: =IF(E13>0,D13/E13,0) -> 0 | H13: =IF(AND(G13>0,F13<G13),G13-F13,0) -> 0 | I13: =IF(H13>1,"High",IF(H13>0.5,"Medium",IF(H13>0,"Low","On Target"))) -> On Target
A14: 11 | F14: =IF(E14>0,D14/E14,0) -> 0 | H14: =IF(AND(G14>0,F14<G14),G14-F14,0) -> 0 | I14: =IF(H14>1,"High",IF(H14>0.5,"Medium",IF(H14>0,"Low","On Target"))) -> On Target
A15: 12 | F15: =IF(E15>0,D15/E15,0) -> 0 | H15: =IF(AND(G15>0,F15<G15),G15-F15,0) -> 0 | I15: =IF(H15>1,"High",IF(H15>0.5,"Medium",IF(H15>0,"Low","On Target"))) -> On Target
... A43: 40 | F43: =IF(E43>0,D43/E43,0) -> 0 | H43: =IF(AND(G43>0,F43<G43),G43-F43,0) -> 0 | I43: =IF(H43>1,"High",IF(H43>0.5,"Medium",IF(H43>0,"Low","On Target"))) -> On Target

Sheet 5. Doc Type & Quality
A1: Publication Quality Profile — Document Type & Journal Quartile Breakdown
A2: Articles/Reviews/Conf Papers by SJR/CiteScore quartile | Quality alongside quantity
A3: S.No. | B3: University Name | C3: Country | D3: Q1 Journal Pubs | E3: Q2 Journal Pubs | F3: Q3 Journal Pubs | G3: Q4 Journal Pubs | H3: Total Scopus Pubs | I3: % in Q1 Journals | J3: % in Q1+Q2 Journals | K3: Reporting Year
A4: 1 | H4: =SUM(D4:G4) -> 0 | I4: =IF(H4>0,D4/H4*100,0) -> 0 | J4: =IF(H4>0,(D4+E4)/H4*100,0) -> 0
A5: 2 | H5: =SUM(D5:G5) -> 0 | I5: =IF(H5>0,D5/H5*100,0) -> 0 | J5: =IF(H5>0,(D5+E5)/H5*100,0) -> 0
A6: 3 | H6: =SUM(D6:G6) -> 0 | I6: =IF(H6>0,D6/H6*100,0) -> 0 | J6: =IF(H6>0,(D6+E6)/H6*100,0) -> 0
A7: 4 | H7: =SUM(D7:G7) -> 0 | I7: =IF(H7>0,D7/H7*100,0) -> 0 | J7: =IF(H7>0,(D7+E7)/H7*100,0) -> 0
A8: 5 | H8: =SUM(D8:G8) -> 0 | I8: =IF(H8>0,D8/H8*100,0) -> 0 | J8: =IF(H8>0,(D8+E8)/H8*100,0) -> 0
A9: 6 | H9: =SUM(D9:G9) -> 0 | I9: =IF(H9>0,D9/H9*100,0) -> 0 | J9: =IF(H9>0,(D9+E9)/H9*100,0) -> 0
A10: 7 | H10: =SUM(D10:G10) -> 0 | I10: =IF(H10>0,D10/H10*100,0) -> 0 | J10: =IF(H10>0,(D10+E10)/H10*100,0) -> 0
A11: 8 | H11: =SUM(D11:G11) -> 0 | I11: =IF(H11>0,D11/H11*100,0) -> 0 | J11: =IF(H11>0,(D11+E11)/H11*100,0) -> 0
A12: 9 | H12: =SUM(D12:G12) -> 0 | I12: =IF(H12>0,D12/H12*100,0) -> 0 | J12: =IF(H12>0,(D12+E12)/H12*100,0) -> 0
A13: 10 | H13: =SUM(D13:G13) -> 0 | I13: =IF(H13>0,D13/H13*100,0) -> 0 | J13: =IF(H13>0,(D13+E13)/H13*100,0) -> 0
A14: 11 | H14: =SUM(D14:G14) -> 0 | I14: =IF(H14>0,D14/H14*100,0) -> 0 | J14: =IF(H14>0,(D14+E14)/H14*100,0) -> 0
A15: 12 | H15: =SUM(D15:G15) -> 0 | I15: =IF(H15>0,D15/H15*100,0) -> 0 | J15: =IF(H15>0,(D15+E15)/H15*100,0) -> 0
... A33: 30 | H33: =SUM(D33:G33) -> 0 | I33: =IF(H33>0,D33/H33*100,0) -> 0 | J33: =IF(H33>0,(D33+E33)/H33*100,0) -> 0

Sheet 6. Faculty Publishing
A1: Faculty Publishing Profile — Active vs Inactive Researchers
A2: % of faculty with Scopus publications in reporting year | Identifies 'silent' faculty needing support
A3: S.No. | B3: University Name | C3: Country | D3: Total Academic Staff FTE | E3: Faculty with ≥1 Scopus Pub (Year) | F3: % Active Publishers | G3: Faculty with ≥3 Pubs (Year) | H3: % High Producers | I3: Reporting Year
A4: 1 | F4: =IF(D4>0,E4/D4*100,0) -> 0 | H4: =IF(D4>0,G4/D4*100,0) -> 0
A5: 2 | F5: =IF(D5>0,E5/D5*100,0) -> 0 | H5: =IF(D5>0,G5/D5*100,0) -> 0
A6: 3 | F6: =IF(D6>0,E6/D6*100,0) -> 0 | H6: =IF(D6>0,G6/D6*100,0) -> 0
A7: 4 | F7: =IF(D7>0,E7/D7*100,0) -> 0 | H7: =IF(D7>0,G7/D7*100,0) -> 0
A8: 5 | F8: =IF(D8>0,E8/D8*100,0) -> 0 | H8: =IF(D8>0,G8/D8*100,0) -> 0
A9: 6 | F9: =IF(D9>0,E9/D9*100,0) -> 0 | H9: =IF(D9>0,G9/D9*100,0) -> 0
A10: 7 | F10: =IF(D10>0,E10/D10*100,0) -> 0 | H10: =IF(D10>0,G10/D10*100,0) -> 0
A11: 8 | F11: =IF(D11>0,E11/D11*100,0) -> 0 | H11: =IF(D11>0,G11/D11*100,0) -> 0
A12: 9 | F12: =IF(D12>0,E12/D12*100,0) -> 0 | H12: =IF(D12>0,G12/D12*100,0) -> 0
A13: 10 | F13: =IF(D13>0,E13/D13*100,0) -> 0 | H13: =IF(D13>0,G13/D13*100,0) -> 0
A14: 11 | F14: =IF(D14>0,E14/D14*100,0) -> 0 | H14: =IF(D14>0,G14/D14*100,0) -> 0
A15: 12 | F15: =IF(D15>0,E15/D15*100,0) -> 0 | H15: =IF(D15>0,G15/D15*100,0) -> 0
... A33: 30 | F33: =IF(D33>0,E33/D33*100,0) -> 0 | H33: =IF(D33>0,G33/D33*100,0) -> 0

Sheet 7. Open Access & Visibility
A1: Open Access Publishing & Research Visibility Metrics
A2: OA proportion, international co-authorship, Altmetric attention | Complements productivity
A3: S.No. | B3: University Name | C3: Country | D3: Total Scopus Pubs (Year) | E3: Open Access Pubs | F3: % Open Access | G3: Internationally Co-authored Pubs | H3: % International Co-authorship | I3: Reporting Year
A4: 1 | F4: =IF(D4>0,E4/D4*100,0) -> 0 | H4: =IF(D4>0,G4/D4*100,0) -> 0
A5: 2 | F5: =IF(D5>0,E5/D5*100,0) -> 0 | H5: =IF(D5>0,G5/D5*100,0) -> 0
A6: 3 | F6: =IF(D6>0,E6/D6*100,0) -> 0 | H6: =IF(D6>0,G6/D6*100,0) -> 0
A7: 4 | F7: =IF(D7>0,E7/D7*100,0) -> 0 | H7: =IF(D7>0,G7/D7*100,0) -> 0
A8: 5 | F8: =IF(D8>0,E8/D8*100,0) -> 0 | H8: =IF(D8>0,G8/D8*100,0) -> 0
A9: 6 | F9: =IF(D9>0,E9/D9*100,0) -> 0 | H9: =IF(D9>0,G9/D9*100,0) -> 0
A10: 7 | F10: =IF(D10>0,E10/D10*100,0) -> 0 | H10: =IF(D10>0,G10/D10*100,0) -> 0
A11: 8 | F11: =IF(D11>0,E11/D11*100,0) -> 0 | H11: =IF(D11>0,G11/D11*100,0) -> 0
A12: 9 | F12: =IF(D12>0,E12/D12*100,0) -> 0 | H12: =IF(D12>0,G12/D12*100,0) -> 0
A13: 10 | F13: =IF(D13>0,E13/D13*100,0) -> 0 | H13: =IF(D13>0,G13/D13*100,0) -> 0
A14: 11 | F14: =IF(D14>0,E14/D14*100,0) -> 0 | H14: =IF(D14>0,G14/D14*100,0) -> 0
A15: 12 | F15: =IF(D15>0,E15/D15*100,0) -> 0 | H15: =IF(D15>0,G15/D15*100,0) -> 0
... A33: 30 | F33: =IF(D33>0,E33/D33*100,0) -> 0 | H33: =IF(D33>0,G33/D33*100,0) -> 0

Sheet 8. Counting Rules
A1: Scopus Publication Counting Rules — Inclusions, Exclusions & Fractional Counting
A3: # | B3: Category | C3: Rule / Definition | D3: Include / Exclude | E3: Notes
A4: 1 | B4: Doc Type | C4: Article (original research) | D4: Include | E4: Core output type
A5: 2 | B5: Doc Type | C5: Review article | D5: Include | E5: Substantive research contribution
A6: 3 | B6: Doc Type | C6: Conference paper (in Scopus-indexed proceedings) | D6: Include | E6: Must be Scopus-indexed
A7: 4 | B7: Doc Type | C7: Editorial | D7: Exclude | E7: Not substantive research
A8: 5 | B8: Doc Type | C8: Letter / Correspondence | D8: Exclude | E8: Not substantive
A9: 6 | B9: Doc Type | C9: Erratum / Correction | D9: Exclude | E9: Not original work
A10: 7 | B10: Doc Type | C10: Note / Short communication | D10: Exclude | E10: Below substantive threshold
A11: 8 | B11: Doc Type | C11: Book review | D11: Exclude | E11: Not primary research
A12: 9 | B12: Doc Type | C12: Book chapter (Scopus-indexed) | D12: Conditional | E12: Check THE cycle guidelines
A13: 10 | B13: Counting | C13: Single-institution paper | D13: Count as 1.0 | E13: Standard full count
A14: 11 | B14: Counting | C14: Multi-institution paper (N institutions) | D14: Count as 1/N fractional | E14: Fractional counting prevents double-counting
A15: 12 | B15: Counting | C15: Paper with 2 institutional affiliations | D15: Count as 0.5 for each | E15: Even split
... A23: 20 | B23: Timing | C23: 'In press' / 'accepted' but not published | D23: Exclude | E23: Only published items counted

Sheet 9. Action Plan
A1: Research Productivity — Strategic Action Plan
A3: # | B3: University Name | C3: Action Item | D3: Phase | E3: Status | F3: Target Date | G3: Remarks
A4: 1 | C4: Set faculty publishing targets: ≥2 Scopus papers/faculty/year | D4: 1 (0–6mo)
A5: 2 | C5: Audit Scopus affiliation accuracy; fix name variants & missing IDs | D5: 1 (0–6mo)
A6: 3 | C6: Identify 'silent' faculty (zero publications) and provide targeted support | D6: 1 (0–6mo)
A7: 4 | C7: Launch publication writing workshops and statistical consulting services | D7: 1 (0–6mo)
A8: 5 | C8: Fund conference attendance for paper presentations (leading to publications) | D8: 1 (0–6mo)
A9: 6 | C9: Incentivize Q1/Q2 journal publishing through recognition & appraisal | D9: 2 (6–18mo)
A10: 7 | C10: Establish 'publication boot camps' and writing retreats | D10: 2 (6–18mo)
A11: 8 | C11: Target 40–50% internationally co-authored publications | D11: 2 (6–18mo)
A12: 9 | C12: Launch 'Highly Cited Papers Initiative' — quality + quantity | D12: 2 (6–18mo)
A13: 10 | C13: Reduce admin burden on faculty — protect research time | D13: 2 (6–18mo)
A14: 11 | C14: Monitor open access publishing to increase visibility & citations | D14: 2 (6–18mo)
A15: 12 | C15: Grow papers per staff by 25–40% from Year 1 baseline | D15: 3 (18–36mo)
... A18: 15 | C18: Embed productivity targets in faculty annual appraisal systems | D18: 3 (18–36mo)
A20: Progress
A21: Completed | D21: =COUNTIF(E4:E18,"Done") -> 0
A22: In Progress | D22: =COUNTIF(E4:E18,"IP") -> 0
A23: Completion (%) | D23: =IFERROR(COUNTIF(E4:E18,"Done")/15*100,0) -> 0

Sheet 10. Benchmarking
A1: Benchmarking — Research Productivity (Papers per Staff)
A3: S.No. | B3: University / Benchmark | C3: Pubs (Fractional) | D3: Staff FTE | E3: Papers/Staff | F3: Score (0–100) | G3: Peer Group
A4: 1 | B4: Your Institution | G4: Target
A5: 2 | B5: Global Top 10 Average | G5: Aspirational
A6: 3 | B6: National Average | G6: National
A7: 4 | B7: Peer Group Average | G7: Peer
A8: 1
A9: 2
A10: 3
A11: 4
A12: 5
A13: 6
A14: 7
A15: 8
A16: 9
A17: 10
A18: 11
A19: 12
... A22: 15

Sheet 11. Risk Assessment
A1: Research Productivity — Risk Assessment
A3: # | B3: Risk | C3: Level | D3: Impact | E3: Mitigation | F3: Owner
A4: 1 | B4: Low faculty publishing rate | C4: 🟡 Medium | D4: Many staff with zero publications; ratio suppressed | E4: Writing support, mentoring, protected time, targets in appraisal
A5: 2 | B5: Publishing in non-Scopus journals | C5: 🟡 Medium | D5: Output not counted; invisible to THE | E5: Journal awareness campaign; Scopus-indexed journal list shared
A6: 3 | B6: Scopus affiliation errors | C6: 🔴 High | D6: Correctly authored papers not attributed to institution | E6: Quarterly Scopus audit; fix name variants; contact Scopus support
A7: 4 | B7: Predatory/delisted journal publications | C7: 🔴 High | D7: Papers excluded from count; reputational damage | E7: Maintain approved journal list; pre-submission verification
A8: 5 | B8: Fractional counting diluting output | C8: 🟡 Medium | D8: Highly collaborative papers count less per institution | E8: Balance: collaborate for quality + maintain single-institution papers
A9: 6 | B9: Admin overload reducing research time | C9: 🟡 Medium | D9: Faculty too burdened to write papers | E9: Reduce admin load; hire admin support; protect research time
A10: 7 | B10: Staff FTE mismatch across indicators | C10: 🔴 High | D10: Different FTE denominators across pillars | E10: Use SAME FTE for ALL 5 indicators: SSR, Doc/Staff, Inst Inc, Res Inc, Productivity
A11: 8 | B11: Counting excluded document types | C11: 🔴 High | D11: Editorials, letters, errata included; audit penalty | E11: Strict doc-type filter: articles, reviews, conference papers ONLY

Sheet 12. Data Quality Audit
A1: Research Productivity — Data Quality & Audit Checklist
A2: Validation checks for this indicator (5.5% of total WUR score)
A3: # | B3: Quality Check | C3: Description | D3: Status (✓/✗/IP) | E3: Date | F3: Reviewer
A4: 1 | B4: Scopus database source | C4: All publication data sourced from Scopus (not Web of Science, Google Scholar, or internal databases)
A5: 2 | B5: Document type filter | C5: ONLY articles, reviews, conference papers counted; editorials, letters, errata, notes excluded
A6: 3 | B6: Scopus Affiliation ID verification | C6: Institutional Scopus Affiliation ID verified; includes all campuses and merged IDs
A7: 4 | B7: Fractional counting applied | C7: Multi-institution papers counted at 1/N; method documented and consistently applied
A8: 5 | B8: Full vs fractional reconciliation | C8: Full count and fractional count both recorded; fractional used for ratio calculation
A9: 6 | B9: Predatory/suspended journal exclusion | C9: Publications in Scopus-delisted or suspended journals excluded from count
A10: 7 | B10: Publication date within reporting year | C10: Only papers with publication date in the reporting year counted (not 'in press')
A11: 8 | B11: Academic Staff FTE consistency | C11: SAME FTE used here AND in SSR (4.5%), Doc/Staff (5.5%), Inst Income (2.5%), Res Income (5.5%)
A12: 9 | B12: FTE THE-compliant | C12: Staff FTE per THE definition; research-only, admin, technical excluded
A13: 10 | B13: Log transformation applied | C13: Natural log transformation ln(1+ratio) applied before z-scoring per THE methodology
A14: 11 | B14: Z-score normalization | C14: Z-scoring applied after log transformation; direction verified (higher output = higher score)
A15: 12 | B15: Department-level reconciliation | C15: Sum of department-level fractional counts ≈ university total (within ±5% for rounding)
... A23: 20 | B23: Reproducibility test | C23: Papers per staff independently reproducible from Scopus data + HR records within ±3%
